bike_id,user_type,member_birth_year,member_gender
1416,Customer,1990.0,Female
1797,Subscriber,1994.0,Male
3612,Customer,1988.0,Male
2333,Customer,1998.0,Male
181,Subscriber,1967.0,Male
3264,Customer,,
1566,Customer,,
1649,Subscriber,1999.0,Male
2832,Subscriber,1989.0,Male
81,Subscriber,1966.0,Male
2451,Subscriber,1980.0,Male
2062,Subscriber,1996.0,Male
2060,Subscriber,1996.0,Female
2688,Subscriber,1994.0,Female
1821,Subscriber,1974.0,Male
567,Subscriber,1990.0,Male
855,Customer,1990.0,Female
1513,Subscriber,1995.0,Male
1148,Subscriber,1991.0,Female
2808,Subscriber,1995.0,Male
3687,Subscriber,1990.0,Male
873,Customer,1988.0,Female
1286,Subscriber,1991.0,Male
1321,Customer,1993.0,Male
1244,Customer,1993.0,Female
2568,Customer,1988.0,Female
2792,Subscriber,1987.0,Male
1465,Subscriber,1959.0,Male
1590,Customer,1952.0,Male
3621,Subscriber,1994.0,Male
2072,Subscriber,1967.0,Male
2702,Subscriber,1989.0,Male
975,Customer,1987.0,Female
3575,Subscriber,1973.0,Male
738,Subscriber,1989.0,Male
296,Subscriber,1984.0,Male
1704,Subscriber,1966.0,Male
3263,Subscriber,1989.0,Male
2765,Subscriber,1993.0,Male
886,Subscriber,1984.0,Male
2817,Subscriber,1963.0,Male
91,Subscriber,1990.0,Male
869,Subscriber,1984.0,Male
3018,Customer,1978.0,Female
2246,Subscriber,1984.0,Male
2639,Subscriber,1984.0,Male
3433,Subscriber,1987.0,Female
1102,Subscriber,1995.0,Male
2084,Subscriber,1994.0,Male
2618,Subscriber,1994.0,Female
3606,Subscriber,1988.0,Male
1739,Subscriber,1996.0,Female
1342,Subscriber,1993.0,Female
2644,Subscriber,1993.0,Male
1041,Subscriber,1995.0,Male
109,Subscriber,1961.0,Male
317,Subscriber,1987.0,Male
1082,Subscriber,1990.0,Male
51,Subscriber,1999.0,Male
1663,Subscriber,1980.0,Male
1437,Subscriber,1994.0,Male
2984,Subscriber,1992.0,Male
3828,Subscriber,1994.0,Male
3812,Subscriber,1994.0,Male
2782,Subscriber,1990.0,Male
1554,Subscriber,1988.0,Male
167,Customer,,
2073,Subscriber,1989.0,Male
3654,Subscriber,1961.0,Male
3558,Subscriber,1983.0,Male
903,Customer,1975.0,Male
795,Customer,1999.0,Male
3671,Subscriber,1994.0,Male
2355,Customer,1990.0,Male
1153,Subscriber,1990.0,Male
3656,Customer,1978.0,Male
3473,Subscriber,1981.0,Male
1308,Customer,1988.0,Male
2033,Subscriber,1984.0,Male
1661,Subscriber,1996.0,Male
1394,Subscriber,1982.0,Female
2410,Subscriber,1973.0,Male
3614,Subscriber,1982.0,Male
1647,Customer,1994.0,Male
793,Subscriber,1993.0,Male
3487,Customer,,
3803,Subscriber,1982.0,Male
3129,Customer,,
3276,Subscriber,1966.0,Male
3057,Subscriber,1974.0,Female
333,Subscriber,1987.0,Male
2582,Subscriber,1990.0,Male
4029,Subscriber,1977.0,Male
1511,Subscriber,1993.0,Male
142,Customer,1995.0,Female
515,Subscriber,1991.0,Male
321,Subscriber,1996.0,Male
4051,Subscriber,1990.0,Male
3636,Subscriber,1990.0,Male
1414,Customer,1990.0,Male
1117,Customer,1998.0,Male
2880,Subscriber,1981.0,Male
1655,Customer,1990.0,Female
2976,Subscriber,1956.0,Male
3132,Subscriber,1985.0,Male
1935,Subscriber,1992.0,Male
3231,Customer,1978.0,Male
2024,Subscriber,1988.0,Male
3533,Subscriber,1973.0,Male
2335,Customer,1984.0,Male
2037,Subscriber,1988.0,Female
2421,Subscriber,1993.0,Male
1267,Customer,1993.0,Female
2766,Customer,1989.0,Male
920,Customer,1986.0,Male
1377,Customer,1991.0,Male
1196,Customer,1990.0,Male
3743,Subscriber,1986.0,Female
1453,Subscriber,1984.0,Female
3726,Subscriber,1976.0,Male
3369,Customer,1987.0,Male
600,Subscriber,1987.0,Male
264,Subscriber,1977.0,Male
1662,Customer,1991.0,Male
2878,Subscriber,1977.0,Male
169,Customer,1979.0,Male
480,Customer,1989.0,Female
1746,Subscriber,1993.0,Male
3322,Subscriber,1968.0,Male
933,Subscriber,1976.0,Female
106,Subscriber,1990.0,Male
1282,Subscriber,1981.0,Male
2265,Subscriber,1995.0,Male
2267,Subscriber,1992.0,Female
1052,Subscriber,1993.0,Male
2124,Subscriber,1992.0,Male
71,Subscriber,1993.0,Male
3054,Subscriber,1988.0,Male
117,Subscriber,1988.0,Female
3272,Subscriber,1988.0,Male
842,Subscriber,1990.0,Male
1820,Subscriber,1963.0,Male
3256,Subscriber,1992.0,Male
689,Subscriber,1976.0,Male
3561,Subscriber,1990.0,Male
456,Subscriber,1971.0,Male
2391,Subscriber,1988.0,Male
2251,Subscriber,1945.0,Male
1689,Subscriber,1997.0,Other
482,Subscriber,1977.0,Female
3250,Subscriber,1960.0,Male
238,Subscriber,1975.0,Male
361,Subscriber,1992.0,Female
2916,Subscriber,1991.0,Male
143,Subscriber,1976.0,Male
2135,Customer,,
3420,Customer,1995.0,Female
1024,Customer,1995.0,Female
2261,Customer,1984.0,Male
1066,Subscriber,1992.0,Male
2937,Subscriber,1978.0,Male
1442,Subscriber,1992.0,Male
2228,Subscriber,1993.0,Male
3108,Subscriber,1975.0,Female
160,Subscriber,1971.0,Female
1673,Subscriber,1965.0,Male
2120,Customer,1990.0,Male
3673,Subscriber,1990.0,Male
595,Subscriber,1990.0,Female
472,Subscriber,1987.0,Male
961,Subscriber,1997.0,Male
484,Subscriber,1993.0,Male
40,Subscriber,1980.0,Male
2497,Subscriber,1989.0,Male
3535,Customer,1978.0,Male
1853,Subscriber,1979.0,Female
3498,Subscriber,1981.0,Male
1114,Subscriber,1980.0,Male
1700,Subscriber,1974.0,Male
1268,Subscriber,1992.0,Female
1250,Subscriber,1992.0,Male
303,Subscriber,1989.0,Male
2468,Customer,1986.0,Female
271,Subscriber,1989.0,Male
3161,Subscriber,1993.0,Male
2244,Subscriber,1996.0,Male
668,Subscriber,1987.0,Male
3413,Subscriber,1992.0,Male
1098,Subscriber,1997.0,Male
3446,Subscriber,1984.0,Male
1544,Subscriber,1982.0,Male
2100,Subscriber,1982.0,Male
3523,Subscriber,1984.0,Male
3186,Customer,1988.0,Male
3429,Subscriber,1996.0,Male
1269,Customer,1990.0,Male
2306,Subscriber,1980.0,Female
417,Customer,1994.0,Female
3527,Subscriber,1995.0,Male
2743,Subscriber,1994.0,Male
935,Subscriber,1993.0,Male
3437,Subscriber,1979.0,Male
3382,Customer,1988.0,Male
2178,Customer,1980.0,Male
112,Subscriber,1973.0,Male
1713,Subscriber,1990.0,Male
759,Subscriber,1995.0,Male
1386,Subscriber,1990.0,Male
2458,Subscriber,1988.0,Male
3240,Customer,1992.0,Male
113,Subscriber,1995.0,Female
2216,Subscriber,1984.0,Male
3086,Subscriber,1988.0,Male
665,Subscriber,1994.0,Male
3447,Subscriber,1988.0,Male
3550,Subscriber,1972.0,Female
1595,Subscriber,1970.0,Male
3320,Subscriber,1991.0,Male
2824,Subscriber,1984.0,Female
3579,Subscriber,1998.0,Male
545,Subscriber,1984.0,Female
892,Subscriber,1997.0,Male
1206,Subscriber,1951.0,Male
4025,Subscriber,1993.0,Male
2612,Subscriber,1989.0,Male
2483,Subscriber,1990.0,Male
849,Subscriber,1983.0,Male
2463,Subscriber,1985.0,Male
3409,Customer,1995.0,Female
2356,Subscriber,1992.0,Male
1213,Subscriber,1980.0,Female
1830,Subscriber,1980.0,Male
252,Subscriber,1992.0,Male
2471,Subscriber,1994.0,Female
983,Subscriber,1990.0,Female
1014,Subscriber,1992.0,Male
2309,Subscriber,1993.0,Male
2828,Subscriber,1992.0,Male
3492,Subscriber,1983.0,Male
2498,Subscriber,1985.0,Male
2099,Subscriber,1976.0,Male
1080,Subscriber,1989.0,Male
3300,Subscriber,1984.0,Male
2771,Customer,1994.0,Female
2209,Customer,1990.0,Male
3604,Subscriber,1982.0,Male
2196,Subscriber,1976.0,Female
1549,Subscriber,1969.0,Male
474,Subscriber,1990.0,Female
2857,Customer,1982.0,Male
395,Subscriber,1995.0,Female
3222,Customer,1982.0,Male
61,Customer,1982.0,Male
881,Subscriber,1992.0,Female
552,Subscriber,1991.0,Male
3584,Subscriber,1964.0,Male
962,Subscriber,1994.0,Male
1039,Subscriber,1995.0,Female
1293,Subscriber,1992.0,Female
3249,Subscriber,1986.0,Male
3130,Subscriber,1991.0,Male
2036,Subscriber,1996.0,Male
3708,Customer,1995.0,Female
2332,Subscriber,1992.0,Male
4035,Subscriber,1991.0,Male
1748,Subscriber,1995.0,Male
3246,Subscriber,1989.0,Male
3894,Subscriber,1990.0,Male
1921,Subscriber,1992.0,Male
2849,Subscriber,1978.0,Male
1706,Subscriber,1967.0,Male
2706,Subscriber,1990.0,Other
1804,Customer,1984.0,Female
3880,Subscriber,1995.0,Male
469,Subscriber,1974.0,Male
389,Subscriber,1977.0,Female
2206,Subscriber,1963.0,Male
518,Subscriber,1990.0,Male
3183,Customer,1999.0,Male
3750,Subscriber,1989.0,Male
766,Subscriber,1975.0,Male
1249,Subscriber,1985.0,Male
3192,Subscriber,1992.0,Female
1214,Subscriber,1982.0,Female
2826,Subscriber,1979.0,Male
3648,Subscriber,1981.0,Female
1087,Subscriber,1971.0,Male
543,Subscriber,1993.0,Female
1151,Subscriber,1998.0,Female
1074,Subscriber,1990.0,Male
1129,Subscriber,1986.0,Male
2105,Subscriber,1996.0,Male
3026,Subscriber,1968.0,Male
1457,Subscriber,1992.0,Male
2627,Customer,1988.0,Male
2570,Customer,1988.0,Male
2194,Customer,1973.0,Male
2946,Customer,1986.0,Male
3326,Subscriber,1988.0,Female
3196,Subscriber,1995.0,Male
3796,Subscriber,1996.0,Male
4031,Subscriber,1996.0,Male
491,Subscriber,1981.0,Male
1526,Subscriber,1981.0,Male
3632,Subscriber,1994.0,Male
1415,Subscriber,1994.0,Male
2542,Subscriber,1966.0,Male
2599,Subscriber,1991.0,Male
1079,Subscriber,1993.0,Male
577,Subscriber,1985.0,Male
2291,Customer,1992.0,Male
1005,Subscriber,1976.0,Male
2834,Customer,,
3824,Subscriber,1993.0,Male
3931,Subscriber,1995.0,Male
2282,Subscriber,1992.0,Male
2131,Subscriber,1977.0,Male
1205,Subscriber,1982.0,Male
624,Subscriber,1965.0,Male
3727,Subscriber,1993.0,Female
3635,Subscriber,1959.0,Male
2742,Subscriber,1990.0,Male
275,Customer,1968.0,Male
3851,Subscriber,1993.0,Male
850,Subscriber,1991.0,Male
2397,Subscriber,1990.0,Male
3723,Subscriber,1995.0,Male
3502,Customer,1972.0,Male
3007,Subscriber,1981.0,Male
3386,Subscriber,1994.0,Male
3704,Subscriber,1987.0,Male
1515,Subscriber,,
3110,Subscriber,1964.0,Male
3443,Subscriber,1988.0,Female
3080,Customer,,
915,Subscriber,1990.0,Male
3022,Subscriber,1986.0,Female
1980,Subscriber,1983.0,Female
2425,Subscriber,1995.0,Male
549,Customer,1993.0,Female
2103,Customer,1995.0,Female
2002,Subscriber,1994.0,Male
2966,Subscriber,1987.0,Female
1154,Subscriber,1983.0,Male
934,Subscriber,1991.0,Female
1537,Subscriber,1992.0,Male
3645,Subscriber,1989.0,Male
420,Customer,1988.0,Male
1759,Subscriber,1991.0,Male
2317,Customer,1995.0,Male
770,Subscriber,1968.0,Female
1742,Subscriber,1988.0,Male
2030,Subscriber,1987.0,Male
1149,Subscriber,1992.0,Female
3381,Subscriber,1980.0,Male
501,Subscriber,1978.0,Male
3504,Subscriber,1997.0,Female
2838,Customer,1998.0,Male
1646,Subscriber,1995.0,Male
2182,Subscriber,1988.0,Female
592,Subscriber,1993.0,Male
1965,Subscriber,1991.0,Male
3328,Subscriber,1988.0,Male
1744,Subscriber,1960.0,Male
1543,Customer,1988.0,Female
1504,Subscriber,1975.0,Male
1055,Customer,1988.0,Female
2191,Subscriber,1970.0,Male
3732,Subscriber,1991.0,Male
1584,Subscriber,1988.0,Female
2820,Subscriber,1995.0,Male
1150,Subscriber,1980.0,Male
587,Subscriber,1998.0,Male
804,Subscriber,1977.0,Female
519,Customer,1997.0,Male
2879,Customer,1997.0,Male
2429,Subscriber,1990.0,Male
47,Subscriber,1966.0,Male
2864,Subscriber,1994.0,Male
3933,Subscriber,1983.0,Female
3059,Subscriber,1992.0,Female
2779,Subscriber,1996.0,Female
2727,Subscriber,1997.0,Male
3012,Subscriber,1977.0,Female
1536,Subscriber,1989.0,Female
225,Subscriber,1992.0,Male
604,Subscriber,1954.0,Male
3302,Subscriber,1986.0,Male
908,Subscriber,1976.0,Male
462,Subscriber,1990.0,Male
129,Customer,1996.0,Male
851,Subscriber,1982.0,Male
1901,Customer,1980.0,Male
368,Subscriber,1984.0,Male
3555,Subscriber,1950.0,Male
1182,Customer,1992.0,Male
2466,Subscriber,1995.0,Male
724,Subscriber,1989.0,Male
3472,Subscriber,1985.0,Female
2389,Subscriber,1985.0,Male
3159,Subscriber,1990.0,Male
57,Subscriber,1992.0,Female
429,Subscriber,1992.0,Male
3352,Customer,1991.0,Female
323,Customer,1991.0,Female
3366,Subscriber,1994.0,Male
1770,Subscriber,1989.0,Male
2884,Subscriber,1984.0,Male
2453,Customer,1987.0,Male
1092,Subscriber,1991.0,Male
1019,Subscriber,1987.0,Male
783,Subscriber,1992.0,Male
1274,Subscriber,1976.0,Male
1891,Subscriber,1982.0,Male
2810,Subscriber,1981.0,Female
3955,Subscriber,1991.0,Female
4030,Subscriber,1993.0,Male
3986,Subscriber,1994.0,Male
2991,Subscriber,1990.0,Female
1931,Subscriber,1989.0,Male
2692,Customer,1994.0,Male
152,Customer,1985.0,Male
570,Subscriber,1987.0,Female
3345,Customer,,
3509,Subscriber,1989.0,Male
3474,Subscriber,1991.0,Female
2439,Subscriber,1997.0,Female
2215,Subscriber,1998.0,Male
385,Subscriber,1993.0,Male
1449,Subscriber,1983.0,Male
1812,Subscriber,,
3016,Subscriber,1995.0,Other
2919,Subscriber,1961.0,Male
3284,Subscriber,1985.0,Male
2143,Subscriber,1982.0,Male
1270,Subscriber,1987.0,Male
2758,Subscriber,1991.0,Male
1236,Subscriber,1968.0,Male
2760,Subscriber,1998.0,Male
1574,Subscriber,1994.0,Female
3093,Subscriber,1990.0,Male
415,Subscriber,1988.0,Male
1997,Subscriber,1993.0,Male
2409,Subscriber,1984.0,Male
3013,Customer,1997.0,Male
2597,Subscriber,1982.0,Male
530,Subscriber,1989.0,Male
1010,Customer,1995.0,Male
1246,Subscriber,1990.0,Male
1765,Customer,1989.0,Male
2315,Customer,1984.0,Male
316,Subscriber,1992.0,Male
1497,Customer,1996.0,Male
1476,Subscriber,,
1298,Subscriber,1980.0,Male
845,Subscriber,1989.0,Male
1984,Subscriber,1974.0,Male
1500,Subscriber,1985.0,Male
1436,Subscriber,1987.0,Male
3377,Subscriber,1995.0,Female
2723,Subscriber,1987.0,Male
1882,Subscriber,1962.0,Male
3068,Subscriber,1985.0,Male
3661,Subscriber,1993.0,Male
896,Subscriber,1987.0,Female
3512,Subscriber,1985.0,Male
1533,Subscriber,1984.0,Female
4226,Subscriber,1974.0,Male
3062,Subscriber,1993.0,Female
922,Subscriber,1988.0,Male
2695,Subscriber,1995.0,Male
3048,Customer,,
861,Subscriber,1959.0,Male
901,Customer,1997.0,Male
1109,Subscriber,1962.0,Female
3111,Subscriber,1995.0,Female
3385,Subscriber,1992.0,Male
2405,Subscriber,1993.0,Female
524,Subscriber,1988.0,Male
3355,Subscriber,1966.0,Male
3501,Subscriber,1989.0,Female
179,Subscriber,1979.0,Female
2889,Subscriber,1983.0,Female
3040,Subscriber,1990.0,Male
3165,Customer,,
906,Subscriber,1998.0,Male
3334,Subscriber,1983.0,Male
410,Subscriber,1995.0,Male
168,Customer,1983.0,Male
2080,Customer,1964.0,Female
2238,Customer,1964.0,Female
2231,Subscriber,1989.0,Male
3515,Subscriber,1985.0,Male
631,Subscriber,1971.0,Male
2646,Subscriber,1963.0,Male
2819,Subscriber,1999.0,Male
633,Customer,,
2822,Subscriber,1978.0,Male
2055,Subscriber,1995.0,Male
2435,Subscriber,,
3589,Customer,1978.0,Male
3312,Subscriber,1980.0,Male
3137,Subscriber,1995.0,Male
1523,Customer,1993.0,Male
1421,Subscriber,1996.0,Male
74,Subscriber,1978.0,Male
2071,Subscriber,1968.0,Male
978,Subscriber,1995.0,Male
3658,Subscriber,1981.0,Female
38,Subscriber,1981.0,Female
2346,Customer,1991.0,Male
968,Subscriber,1992.0,Male
114,Subscriber,1995.0,Male
1743,Subscriber,1950.0,Male
3066,Subscriber,1997.0,Male
1986,Subscriber,1988.0,Male
1088,Subscriber,1984.0,Male
416,Subscriber,1990.0,Male
471,Subscriber,1977.0,Female
2287,Subscriber,1995.0,Male
2459,Subscriber,1988.0,Male
1659,Subscriber,1973.0,Female
1867,Subscriber,1986.0,Male
776,Subscriber,1994.0,Male
1159,Subscriber,1960.0,Male
1296,Customer,1970.0,Male
2567,Subscriber,1974.0,Male
1972,Subscriber,1992.0,Female
371,Subscriber,1972.0,Male
1473,Customer,1988.0,Male
2085,Subscriber,1989.0,Male
127,Subscriber,1994.0,Female
1118,Subscriber,1996.0,Female
711,Subscriber,1987.0,Male
485,Subscriber,1993.0,Male
980,Subscriber,1993.0,Male
1850,Subscriber,1990.0,Male
2045,Subscriber,1994.0,Male
514,Subscriber,1992.0,Male
1903,Subscriber,1980.0,Male
3580,Subscriber,1995.0,Male
2875,Subscriber,1986.0,Female
3253,Subscriber,1985.0,Male
2883,Subscriber,1968.0,Female
565,Subscriber,1977.0,Female
844,Customer,1964.0,Female
3051,Subscriber,,
137,Subscriber,1997.0,Male
1380,Customer,1983.0,Female
3365,Subscriber,1998.0,Female
1479,Customer,1987.0,Female
355,Subscriber,1989.0,Female
1370,Subscriber,1977.0,Male
1669,Subscriber,1991.0,Male
1898,Subscriber,1979.0,Female
1349,Subscriber,1988.0,Female
760,Subscriber,1977.0,Male
1410,Subscriber,1973.0,Male
2461,Subscriber,1993.0,Male
413,Customer,,
1996,Subscriber,1994.0,Male
3316,Subscriber,1985.0,Other
2761,Subscriber,1992.0,Male
789,Subscriber,1991.0,Female
3374,Subscriber,1990.0,Male
4227,Subscriber,1974.0,Male
1688,Subscriber,1970.0,Male
1938,Subscriber,1994.0,Male
745,Subscriber,1992.0,Male
1864,Subscriber,1993.0,Male
791,Subscriber,1995.0,Male
674,Subscriber,1975.0,Male
1817,Subscriber,1991.0,Male
2677,Subscriber,1997.0,Male
2475,Subscriber,1980.0,Male
3405,Customer,1984.0,Male
1955,Customer,1991.0,Male
2735,Subscriber,1984.0,Male
54,Subscriber,1990.0,Male
1285,Subscriber,1973.0,Male
1431,Subscriber,1985.0,Male
3690,Subscriber,1972.0,Female
954,Customer,,
3139,Subscriber,1999.0,Male
2904,Subscriber,1974.0,Male
3717,Subscriber,1986.0,Female
1112,Subscriber,1995.0,Male
2600,Subscriber,1989.0,Male
3189,Subscriber,1979.0,Male
2856,Subscriber,1998.0,Male
2225,Subscriber,1991.0,Male
1945,Subscriber,1988.0,Male
627,Subscriber,1987.0,Male
3928,Subscriber,1995.0,Male
929,Subscriber,1992.0,Female
2057,Subscriber,1986.0,Male
2008,Customer,1987.0,Male
1155,Subscriber,1987.0,Male
2609,Customer,1987.0,Female
3536,Customer,,
1710,Customer,,
2323,Subscriber,1991.0,Male
614,Subscriber,1984.0,Male
3809,Subscriber,1974.0,Male
4065,Subscriber,1991.0,Male
566,Subscriber,1959.0,Male
313,Subscriber,1994.0,Female
709,Subscriber,1990.0,Male
511,Customer,1983.0,Male
1665,Subscriber,1992.0,Male
822,Subscriber,1995.0,Male
2725,Customer,1971.0,Male
987,Subscriber,1975.0,Male
824,Customer,,
3491,Subscriber,1966.0,Male
2426,Subscriber,1996.0,Male
2584,Subscriber,1991.0,Female
1682,Customer,1978.0,Male
3402,Subscriber,1994.0,Male
1216,Subscriber,,
3599,Customer,1995.0,Male
630,Subscriber,1990.0,Male
2831,Subscriber,1962.0,Male
2340,Subscriber,1975.0,Male
691,Subscriber,1981.0,Male
1814,Subscriber,1990.0,Other
1948,Customer,1975.0,Male
527,Subscriber,1979.0,Male
2195,Customer,1989.0,Male
757,Subscriber,1989.0,Male
141,Customer,1994.0,Female
3148,Subscriber,1987.0,Female
2376,Subscriber,1996.0,Male
1637,Subscriber,1998.0,Male
1698,Subscriber,1976.0,Male
193,Subscriber,1973.0,Male
3390,Subscriber,1977.0,Male
3090,Subscriber,1987.0,Male
1143,Subscriber,1989.0,Other
1735,Customer,,
1307,Subscriber,1994.0,Female
510,Customer,,
560,Subscriber,1981.0,Female
1910,Subscriber,1986.0,Male
644,Subscriber,1993.0,Male
972,Subscriber,1993.0,Male
3869,Subscriber,2000.0,Male
2160,Subscriber,1995.0,Male
3783,Subscriber,1999.0,Male
682,Subscriber,1987.0,Female
1667,Subscriber,1994.0,Male
1600,Subscriber,1992.0,Female
1809,Customer,1985.0,Male
3295,Subscriber,1992.0,Male
1745,Subscriber,1989.0,Female
1855,Customer,,
2413,Subscriber,1996.0,Male
3071,Subscriber,1986.0,Female
2794,Subscriber,1975.0,Male
3517,Subscriber,1958.0,Male
834,Subscriber,1993.0,Male
1385,Subscriber,1979.0,Female
468,Subscriber,1988.0,Male
353,Subscriber,1977.0,Male
3652,Subscriber,1989.0,Male
3500,Subscriber,1994.0,Male
126,Customer,1994.0,Male
1807,Subscriber,1979.0,Male
79,Subscriber,1987.0,Female
3360,Subscriber,1989.0,Male
3061,Subscriber,1989.0,Male
50,Subscriber,1978.0,Female
439,Subscriber,1990.0,Male
2560,Customer,,
3543,Customer,1982.0,Male
2167,Subscriber,1975.0,Female
932,Subscriber,1990.0,Other
817,Subscriber,1991.0,Male
232,Subscriber,1981.0,Male
2165,Subscriber,1987.0,Female
2663,Customer,1988.0,Male
49,Subscriber,1980.0,Male
244,Customer,1978.0,Female
3703,Subscriber,1984.0,Male
33,Subscriber,1981.0,Male
2747,Subscriber,1978.0,Female
1978,Customer,,
358,Subscriber,1989.0,Male
2933,Customer,,
1957,Subscriber,1990.0,Male
2548,Subscriber,1993.0,Male
2874,Customer,1956.0,Male
3359,Subscriber,1992.0,Female
2720,Subscriber,1994.0,Male
1714,Customer,1986.0,Female
803,Subscriber,1972.0,Male
3065,Subscriber,1975.0,Male
1009,Customer,,
1753,Customer,,
1458,Subscriber,1995.0,Male
171,Customer,1981.0,Male
1911,Subscriber,1992.0,Male
3074,Subscriber,1979.0,Male
953,Subscriber,1985.0,Female
1988,Subscriber,1988.0,Female
1165,Subscriber,1988.0,Female
2012,Subscriber,1992.0,Male
2655,Customer,1990.0,Male
3292,Customer,1989.0,Male
215,Subscriber,1982.0,Female
263,Subscriber,1978.0,Female
637,Subscriber,1984.0,Male
2148,Subscriber,1986.0,Male
377,Subscriber,1981.0,Male
2193,Subscriber,1989.0,Male
134,Customer,1989.0,Female
2669,Subscriber,1980.0,Male
1604,Subscriber,1987.0,Male
1620,Customer,,
1657,Subscriber,1990.0,Male
750,Subscriber,1986.0,Other
1044,Subscriber,1988.0,Male
3275,Subscriber,1965.0,Male
2762,Customer,1991.0,Female
2319,Subscriber,1991.0,Female
53,Subscriber,1966.0,Male
1360,Subscriber,1988.0,Female
1608,Subscriber,1996.0,Female
3149,Subscriber,1994.0,Male
388,Customer,1986.0,Male
2088,Subscriber,1996.0,Male
3688,Subscriber,1983.0,Female
1158,Customer,,
1417,Subscriber,1987.0,Male
1407,Subscriber,1994.0,Male
4043,Subscriber,1993.0,Male
2698,Subscriber,1989.0,Female
2550,Subscriber,1977.0,Male
3876,Subscriber,1977.0,Male
379,Subscriber,1992.0,Female
486,Subscriber,1989.0,Male
330,Subscriber,1979.0,Male
1936,Subscriber,1987.0,Male
826,Subscriber,1981.0,Male
559,Subscriber,1976.0,Male
966,Subscriber,1971.0,Male
2753,Customer,1989.0,Male
2211,Subscriber,1993.0,Male
3417,Subscriber,1989.0,Male
2683,Subscriber,1992.0,Male
2339,Customer,1990.0,Female
854,Customer,1994.0,Male
649,Subscriber,1983.0,Male
2061,Subscriber,1993.0,Male
684,Customer,1990.0,Male
277,Subscriber,1983.0,Male
562,Customer,1992.0,Male
1299,Subscriber,1990.0,Male
2016,Subscriber,1973.0,Male
3585,Subscriber,1991.0,Male
2392,Subscriber,1987.0,Male
3370,Subscriber,1998.0,Male
261,Subscriber,1990.0,Male
2491,Customer,2000.0,Male
1632,Subscriber,1995.0,Male
3468,Subscriber,1995.0,Male
2424,Subscriber,,
2432,Subscriber,1988.0,Female
22,Subscriber,1993.0,Male
1808,Subscriber,1986.0,Male
287,Subscriber,1985.0,Female
2776,Subscriber,1987.0,Female
512,Subscriber,1988.0,Male
710,Subscriber,1995.0,Male
1222,Subscriber,1995.0,Male
2950,Subscriber,1982.0,Male
3002,Subscriber,1989.0,Male
87,Subscriber,1997.0,Female
418,Customer,1987.0,Male
2796,Subscriber,1992.0,Male
734,Customer,1991.0,Female
1454,Customer,,
1388,Customer,1966.0,Male
1640,Subscriber,1995.0,Male
3587,Subscriber,1998.0,Male
1838,Customer,,
3640,Subscriber,1967.0,Male
2715,Subscriber,1988.0,Male
2417,Subscriber,1993.0,Female
239,Subscriber,1989.0,Male
2478,Subscriber,1991.0,Male
188,Customer,1988.0,Female
720,Customer,1989.0,Female
305,Subscriber,1989.0,Male
2648,Subscriber,1975.0,Male
1139,Subscriber,1995.0,Male
1084,Subscriber,1961.0,Male
1426,Subscriber,1991.0,Male
1208,Subscriber,1982.0,Other
746,Subscriber,1995.0,Female
2764,Subscriber,1993.0,Male
247,Subscriber,1993.0,Male
2929,Subscriber,1986.0,Male
3315,Subscriber,1992.0,Male
3707,Subscriber,1986.0,Male
2678,Subscriber,1995.0,Male
2207,Subscriber,1993.0,Male
1626,Subscriber,1995.0,Male
2243,Subscriber,1989.0,Male
1026,Subscriber,1991.0,Male
1475,Subscriber,1992.0,Male
777,Subscriber,1990.0,Female
2077,Subscriber,1987.0,Female
2734,Subscriber,1987.0,Female
1954,Subscriber,1992.0,Female
3716,Customer,1987.0,Male
3569,Subscriber,1979.0,Male
3396,Subscriber,1985.0,Female
2807,Subscriber,1982.0,Female
2177,Subscriber,1994.0,Male
2324,Subscriber,1989.0,Male
1565,Customer,,
702,Subscriber,1970.0,Female
2500,Subscriber,1997.0,Male
1499,Customer,1987.0,Female
1711,Subscriber,1970.0,Male
2220,Subscriber,1975.0,Male
211,Subscriber,1986.0,Male
3624,Subscriber,1989.0,Male
1939,Subscriber,1977.0,Male
2338,Subscriber,1985.0,Female
2373,Subscriber,1995.0,Male
3665,Subscriber,1987.0,Female
2952,Subscriber,1988.0,Male
2911,Subscriber,1993.0,Male
2564,Customer,1987.0,Female
2197,Subscriber,1996.0,Male
2863,Subscriber,1993.0,Female
3470,Subscriber,1993.0,Male
821,Subscriber,1978.0,Male
1223,Subscriber,1976.0,Male
3126,Subscriber,1985.0,Male
1366,Subscriber,1996.0,Male
2872,Subscriber,1972.0,Female
1197,Customer,1990.0,Male
523,Subscriber,1990.0,Male
3279,Subscriber,1988.0,Male
3176,Customer,1991.0,Male
1035,Subscriber,1982.0,Male
1685,Subscriber,1993.0,Male
2829,Subscriber,1992.0,Male
2651,Subscriber,1946.0,Female
3836,Subscriber,1995.0,Male
218,Customer,1990.0,Female
1985,Customer,1989.0,Male
613,Subscriber,1985.0,Male
200,Customer,1991.0,Female
1202,Subscriber,1986.0,Female
3227,Subscriber,1982.0,Male
1654,Subscriber,1995.0,Male
2505,Subscriber,1977.0,Male
1964,Subscriber,1968.0,Male
2579,Customer,1959.0,Male
103,Subscriber,1983.0,Male
3399,Subscriber,1984.0,Male
541,Subscriber,1983.0,Female
176,Subscriber,1992.0,Male
3387,Subscriber,1994.0,Male
3035,Subscriber,1977.0,Male
2277,Subscriber,,
3164,Subscriber,1991.0,Female
1675,Customer,,
405,Subscriber,1960.0,Male
2290,Subscriber,1965.0,Male
917,Customer,1997.0,Female
547,Subscriber,1991.0,Female
502,Subscriber,1979.0,Male
1121,Subscriber,1993.0,Female
1586,Customer,1991.0,Male
741,Subscriber,1981.0,Male
3034,Subscriber,1992.0,Male
823,Subscriber,1989.0,Male
1101,Subscriber,1989.0,Male
3592,Subscriber,1972.0,Male
1225,Subscriber,1989.0,Male
3348,Subscriber,1992.0,Female
2534,Subscriber,1994.0,Female
3191,Customer,1984.0,Male
443,Subscriber,1989.0,Female
3028,Subscriber,1972.0,Male
2941,Subscriber,1982.0,Male
2444,Subscriber,1985.0,Female
2859,Subscriber,1991.0,Female
1556,Subscriber,1961.0,Male
1598,Subscriber,1987.0,Male
3551,Subscriber,1986.0,Male
1260,Subscriber,1990.0,Female
1664,Subscriber,1989.0,Male
3516,Customer,1987.0,Male
1181,Subscriber,1987.0,Female
659,Subscriber,1994.0,Male
2203,Customer,1988.0,Male
3542,Subscriber,2000.0,Male
2730,Subscriber,1978.0,Male
1037,Subscriber,1994.0,Male
1834,Subscriber,1976.0,Male
2862,Subscriber,1975.0,Male
1248,Subscriber,1990.0,Male
2523,Customer,1984.0,Male
1752,Subscriber,1986.0,Male
2818,Subscriber,1994.0,Male
183,Subscriber,1982.0,Female
1503,Subscriber,1994.0,Male
1755,Subscriber,1992.0,Male
1097,Subscriber,1989.0,Female
3649,Subscriber,1995.0,Male
3526,Subscriber,1985.0,Male
1610,Subscriber,1920.0,Male
1828,Customer,1993.0,Female
3666,Subscriber,,
3138,Subscriber,1995.0,Female
756,Customer,1982.0,Male
694,Subscriber,1995.0,Male
3254,Subscriber,,
75,Subscriber,1990.0,Male
507,Subscriber,1988.0,Female
31,Subscriber,1965.0,Male
198,Subscriber,1973.0,Female
72,Subscriber,1984.0,Male
2999,Subscriber,1990.0,Male
3319,Subscriber,1988.0,Male
360,Subscriber,1978.0,Male
3571,Subscriber,1996.0,Female
457,Subscriber,1984.0,Female
2185,Subscriber,1968.0,Male
1899,Subscriber,1985.0,Male
763,Subscriber,1985.0,Male
2543,Subscriber,1980.0,Female
773,Subscriber,2000.0,Male
209,Subscriber,1991.0,Male
1325,Subscriber,1993.0,Male
1514,Subscriber,1978.0,Female
3182,Subscriber,1984.0,Male
1686,Subscriber,1990.0,Male
1619,Subscriber,1982.0,Female
2891,Subscriber,1979.0,Male
163,Subscriber,1992.0,Male
1726,Subscriber,1985.0,Male
2514,Subscriber,1990.0,Female
2347,Subscriber,1991.0,Female
3083,Subscriber,1959.0,Male
3554,Subscriber,1990.0,Male
1495,Subscriber,1974.0,Male
307,Subscriber,1996.0,Female
318,Subscriber,1981.0,Female
1907,Subscriber,1981.0,Male
3346,Subscriber,1988.0,Male
66,Subscriber,1974.0,Male
2741,Subscriber,1989.0,Male
236,Subscriber,1990.0,Female
2790,Subscriber,1991.0,Male
3294,Subscriber,1989.0,Male
2457,Subscriber,1989.0,Male
1839,Subscriber,1998.0,Female
865,Subscriber,1991.0,Male
283,Subscriber,1984.0,Male
2920,Subscriber,1982.0,Male
1852,Subscriber,1990.0,Male
641,Subscriber,1983.0,Female
1594,Subscriber,1991.0,Female
1305,Subscriber,1985.0,Male
3289,Subscriber,1997.0,Male
2830,Subscriber,1994.0,Female
2977,Subscriber,1989.0,Female
3718,Subscriber,1985.0,Male
2023,Subscriber,1974.0,Male
654,Subscriber,1997.0,Male
3325,Subscriber,1980.0,Female
2372,Subscriber,1999.0,Other
290,Customer,1995.0,Male
2571,Subscriber,1990.0,Female
1926,Subscriber,1998.0,Male
1255,Subscriber,1978.0,Male
1764,Subscriber,1962.0,Female
1334,Subscriber,1994.0,Male
1000,Subscriber,1987.0,Female
774,Subscriber,1990.0,Male
1958,Subscriber,1993.0,Male
3230,Customer,1992.0,Male
3435,Subscriber,1997.0,Male
2213,Subscriber,1984.0,Male
123,Customer,1967.0,Female
2630,Subscriber,1961.0,Male
2187,Subscriber,1975.0,Female
755,Customer,1988.0,Female
1020,Subscriber,1981.0,Female
2642,Subscriber,1988.0,Male
280,Subscriber,1972.0,Male
3375,Subscriber,1983.0,Male
97,Subscriber,1992.0,Female
2535,Subscriber,1990.0,Female
3314,Subscriber,1979.0,Male
268,Customer,1979.0,Male
3531,Subscriber,1986.0,Male
1242,Subscriber,1992.0,Male
872,Subscriber,1994.0,Male
3660,Subscriber,1989.0,Female
489,Subscriber,1992.0,Female
1256,Subscriber,1973.0,Male
3151,Subscriber,1987.0,Male
733,Subscriber,1993.0,Male
1375,Subscriber,1992.0,Female
2507,Subscriber,1970.0,Male
3050,Subscriber,1998.0,Male
707,Subscriber,1986.0,Male
2174,Subscriber,1974.0,Male
172,Subscriber,1973.0,Male
3643,Subscriber,1985.0,Female
3805,Subscriber,1957.0,Male
3118,Subscriber,1995.0,Male
1172,Subscriber,1981.0,Female
2854,Subscriber,1981.0,Male
3172,Subscriber,1992.0,Male
1140,Subscriber,1989.0,Male
3106,Subscriber,1984.0,Male
37,Subscriber,1995.0,Male
3146,Subscriber,1970.0,Male
2684,Subscriber,1979.0,Female
2960,Subscriber,1969.0,Male
246,Customer,1995.0,Male
2394,Subscriber,1986.0,Male
320,Subscriber,1994.0,Female
513,Customer,1991.0,Male
2509,Subscriber,1989.0,Male
1506,Customer,,
1648,Subscriber,1994.0,Female
1445,Subscriber,1977.0,Male
2510,Subscriber,1990.0,Male
2144,Subscriber,1981.0,Male
1291,Subscriber,1987.0,Male
3306,Subscriber,1990.0,Female
2006,Subscriber,1984.0,Male
3480,Subscriber,1996.0,Female
1046,Subscriber,1972.0,Female
653,Subscriber,1987.0,Male
1973,Subscriber,1987.0,Male
242,Subscriber,1982.0,Male
1195,Subscriber,1970.0,Male
2731,Subscriber,1992.0,Female
319,Subscriber,1975.0,Male
1397,Subscriber,,
260,Customer,1979.0,Male
3560,Subscriber,1978.0,Female
3456,Subscriber,1972.0,Male
1217,Customer,1986.0,Male
2931,Customer,1984.0,Female
1425,Subscriber,1990.0,Male
1835,Subscriber,1989.0,Male
3573,Subscriber,1987.0,Male
848,Subscriber,1987.0,Male
3434,Subscriber,1984.0,Male
3327,Subscriber,1988.0,Male
498,Subscriber,1989.0,Female
1502,Subscriber,1992.0,Male
1389,Subscriber,1983.0,Female
1031,Customer,,
1318,Customer,1999.0,Male
1120,Customer,1978.0,Male
336,Subscriber,1984.0,Male
3610,Subscriber,1984.0,Male
2371,Subscriber,1965.0,Male
1670,Subscriber,1981.0,Male
2235,Subscriber,1994.0,Male
1105,Subscriber,1967.0,Female
2083,Subscriber,1994.0,Male
1962,Subscriber,1984.0,Male
4229,Subscriber,1994.0,Male
1961,Subscriber,1994.0,Female
2967,Subscriber,1977.0,Male
1801,Subscriber,1994.0,Male
1937,Subscriber,,
1106,Subscriber,1976.0,Male
1705,Subscriber,1973.0,Male
3424,Subscriber,1973.0,Male
1525,Subscriber,1989.0,Male
2689,Subscriber,1984.0,Male
1963,Subscriber,1989.0,Female
1789,Subscriber,1973.0,Female
1363,Customer,1983.0,Male
3075,Subscriber,1980.0,Male
2104,Subscriber,1990.0,Male
1709,Subscriber,1997.0,Male
2845,Subscriber,1970.0,Female
2270,Subscriber,1965.0,Male
3518,Subscriber,1984.0,Male
672,Subscriber,1998.0,Male
2330,Subscriber,1969.0,Male
1799,Customer,1975.0,Male
2113,Subscriber,1981.0,Male
2406,Subscriber,2000.0,Male
683,Subscriber,1990.0,Female
3000,Subscriber,1997.0,Female
532,Subscriber,1990.0,Female
1104,Subscriber,1990.0,Female
3077,Subscriber,1964.0,Male
928,Customer,1989.0,Male
2602,Subscriber,1982.0,Male
138,Subscriber,1995.0,Male
828,Subscriber,1988.0,Male
2611,Subscriber,1967.0,Male
3944,Subscriber,1991.0,Male
2047,Subscriber,1996.0,Female
2821,Subscriber,1963.0,Male
2164,Subscriber,1986.0,Female
67,Customer,1995.0,Male
2320,Subscriber,1977.0,Female
2271,Subscriber,1993.0,Female
447,Subscriber,1991.0,Male
794,Subscriber,1987.0,Female
1469,Subscriber,1997.0,Female
2262,Subscriber,1991.0,Male
3494,Subscriber,1985.0,Male
1456,Subscriber,1988.0,Male
1224,Subscriber,1995.0,Male
991,Customer,1990.0,Male
2848,Subscriber,1996.0,Male
3484,Customer,1984.0,Male
2326,Subscriber,1994.0,Male
1999,Subscriber,1993.0,Female
52,Customer,1991.0,Male
464,Subscriber,1987.0,Male
1953,Subscriber,1987.0,Male
3392,Subscriber,1968.0,Male
2098,Subscriber,1957.0,Male
102,Subscriber,1977.0,Male
3594,Subscriber,1975.0,Male
3676,Subscriber,1994.0,Male
2300,Subscriber,1980.0,Male
2053,Customer,,
1199,Customer,,
3091,Subscriber,1970.0,Male
582,Subscriber,1989.0,Female
3060,Subscriber,1995.0,Female
1922,Customer,1973.0,Male
1860,Subscriber,1975.0,Male
1542,Subscriber,1984.0,Male
1532,Subscriber,1984.0,Female
3109,Subscriber,1977.0,Female
685,Customer,1995.0,Male
3699,Subscriber,1989.0,Male
1553,Subscriber,1986.0,Female
2279,Subscriber,1976.0,Female
3261,Subscriber,1991.0,Male
2017,Subscriber,1991.0,Male
1555,Subscriber,1995.0,Male
2166,Subscriber,1986.0,Male
563,Subscriber,1994.0,Male
2694,Subscriber,1989.0,Male
3310,Customer,,
1919,Subscriber,1992.0,Male
1045,Subscriber,1986.0,Male
1884,Subscriber,1978.0,Female
1007,Subscriber,1991.0,Male
1768,Subscriber,1989.0,Male
1235,Subscriber,1969.0,Male
3025,Subscriber,1989.0,Male
386,Subscriber,1985.0,Male
1802,Subscriber,1987.0,Male
2419,Subscriber,1982.0,Male
2664,Customer,1991.0,Male
2576,Subscriber,1987.0,Female
2508,Subscriber,1986.0,Female
985,Subscriber,1994.0,Female
3669,Subscriber,1993.0,Male
3478,Subscriber,1986.0,Male
1760,Subscriber,1975.0,Male
3729,Subscriber,1989.0,Male
2138,Subscriber,1987.0,Male
251,Subscriber,1982.0,Female
1085,Subscriber,1984.0,Female
594,Subscriber,1990.0,Female
797,Subscriber,1950.0,Male
357,Subscriber,1989.0,Male
2460,Subscriber,1977.0,Male
1047,Customer,1979.0,Male
1900,Subscriber,1978.0,Male
150,Subscriber,1978.0,Male
1188,Subscriber,1994.0,Female
907,Subscriber,1960.0,Female
2218,Subscriber,1979.0,Male
1279,Customer,1987.0,Female
1485,Subscriber,1985.0,Male
1369,Subscriber,1993.0,Male
1103,Customer,1984.0,Other
2607,Subscriber,1976.0,Male
2175,Subscriber,1995.0,Male
3147,Subscriber,1988.0,Male
3659,Subscriber,1978.0,Male
1818,Subscriber,1993.0,Male
655,Subscriber,1965.0,Male
1493,Subscriber,1979.0,Male
2519,Subscriber,1968.0,Male
740,Subscriber,1963.0,Female
2566,Subscriber,1980.0,Male
1666,Subscriber,1980.0,Male
768,Subscriber,1991.0,Female
2172,Subscriber,1988.0,Male
586,Subscriber,1997.0,Male
1315,Subscriber,1993.0,Male
1413,Subscriber,1989.0,Female
3664,Subscriber,1989.0,Male
2583,Customer,1992.0,Male
859,Subscriber,1993.0,Male
3368,Subscriber,1986.0,Female
3167,Subscriber,1987.0,Female
1164,Subscriber,1987.0,Male
135,Subscriber,1987.0,Male
3006,Subscriber,1970.0,Male
1177,Customer,,
151,Subscriber,1986.0,Female
2691,Subscriber,1984.0,Female
3364,Subscriber,1984.0,Male
1683,Subscriber,1978.0,Male
2983,Subscriber,1987.0,Male
2569,Subscriber,1995.0,Male
1889,Subscriber,1991.0,Male
2670,Subscriber,1984.0,Male
300,Customer,,
1115,Customer,,
1258,Customer,,
3638,Subscriber,1986.0,Female
63,Subscriber,1978.0,Male
1251,Subscriber,1983.0,Male
2473,Subscriber,1987.0,Male
2825,Subscriber,1988.0,Female
1123,Subscriber,1981.0,Male
2348,Customer,,
3216,Customer,,
1888,Subscriber,1900.0,Male
3397,Subscriber,1991.0,Female
1481,Subscriber,1972.0,Male
2089,Subscriber,1979.0,Female
2740,Subscriber,1974.0,Male
4218,Subscriber,1983.0,Male
421,Subscriber,1992.0,Female
1712,Subscriber,1975.0,Female
3590,Subscriber,1992.0,Female
2434,Subscriber,1984.0,Female
1788,Subscriber,1996.0,Female
258,Subscriber,1974.0,Female
1365,Subscriber,1989.0,Male
3269,Subscriber,1966.0,Male
2007,Subscriber,1988.0,Male
572,Subscriber,1991.0,Male
1406,Subscriber,1989.0,Male
2718,Subscriber,1979.0,Male
444,Subscriber,,
1875,Customer,1991.0,Female
3427,Subscriber,1987.0,Male
3675,Subscriber,1992.0,Male
1036,Subscriber,1989.0,Male
1212,Subscriber,1989.0,Male
1300,Subscriber,1983.0,Male
1563,Customer,1976.0,Female
3567,Subscriber,1987.0,Male
569,Subscriber,1997.0,Male
1323,Subscriber,1993.0,Male
230,Subscriber,1986.0,Male
2227,Customer,1984.0,Other
3293,Subscriber,1970.0,Male
3228,Subscriber,1991.0,Male
326,Subscriber,1973.0,Male
3440,Subscriber,1965.0,Male
690,Subscriber,1986.0,Male
2778,Subscriber,1994.0,Male
3005,Subscriber,1979.0,Male
1517,Subscriber,1980.0,Male
2052,Subscriber,1986.0,Male
3752,Subscriber,1986.0,Female
1451,Subscriber,1976.0,Male
3646,Subscriber,1970.0,Male
220,Subscriber,1989.0,Male
2915,Subscriber,1976.0,Male
294,Subscriber,1986.0,Male
2533,Subscriber,1982.0,Male
2901,Customer,1984.0,Female
3705,Subscriber,1988.0,Male
1393,Subscriber,1986.0,Female
554,Subscriber,1989.0,Male
778,Subscriber,1992.0,Male
809,Subscriber,1980.0,Male
3009,Subscriber,1992.0,Male
4026,Subscriber,1993.0,Male
1579,Subscriber,1960.0,Female
1960,Subscriber,1982.0,Female
3753,Subscriber,,
3135,Subscriber,1976.0,Male
3309,Subscriber,1974.0,Male
2192,Subscriber,1989.0,Male
3212,Subscriber,1974.0,Female
1288,Customer,1996.0,Male
1056,Subscriber,1993.0,Male
2516,Subscriber,1963.0,Male
893,Subscriber,1992.0,Male
2625,Subscriber,1971.0,Male
311,Subscriber,1976.0,Male
695,Subscriber,1988.0,Female
397,Subscriber,1980.0,Female
958,Subscriber,1992.0,Male
612,Subscriber,1995.0,Male
3841,Subscriber,1995.0,Male
1025,Subscriber,1994.0,Male
2180,Subscriber,1987.0,Female
1209,Subscriber,1991.0,Female
1894,Subscriber,1995.0,Male
597,Subscriber,1985.0,Male
1645,Subscriber,1991.0,Male
662,Subscriber,1960.0,Male
2749,Subscriber,1985.0,Male
2003,Subscriber,1985.0,Male
1477,Subscriber,1996.0,Male
155,Customer,,
227,Customer,1993.0,Female
2297,Subscriber,1989.0,Female
3655,Subscriber,1987.0,Male
2321,Subscriber,1988.0,Female
133,Subscriber,1972.0,Female
3283,Customer,1996.0,Male
2711,Subscriber,1990.0,Female
1324,Subscriber,1997.0,Male
860,Customer,,
475,Subscriber,1988.0,Male
201,Subscriber,1979.0,Female
3015,Subscriber,1993.0,Female
700,Subscriber,1991.0,Male
2128,Subscriber,1990.0,Female
3469,Subscriber,1993.0,Male
2738,Customer,1995.0,Male
680,Subscriber,1968.0,Male
2127,Subscriber,1963.0,Male
3672,Customer,1984.0,Male
465,Subscriber,1983.0,Male
437,Subscriber,1984.0,Male
253,Subscriber,1969.0,Male
107,Customer,1969.0,Male
274,Subscriber,1974.0,Male
2341,Subscriber,1992.0,Female
623,Subscriber,1991.0,Male
1180,Subscriber,1978.0,Male
293,Subscriber,1980.0,Male
1863,Customer,,
2581,Subscriber,1973.0,Male
2223,Subscriber,1987.0,Female
1883,Subscriber,1982.0,Male
1233,Subscriber,1969.0,Female
2882,Customer,,
1368,Subscriber,1945.0,Male
1262,Subscriber,1990.0,Female
847,Subscriber,1990.0,Male
14,Subscriber,1900.0,Male
3154,Subscriber,1981.0,Male
3120,Subscriber,1971.0,Female
2176,Subscriber,1987.0,Male
312,Subscriber,1989.0,Male
1147,Subscriber,1962.0,Male
1728,Subscriber,1996.0,Female
3169,Subscriber,1991.0,Male
2563,Subscriber,1982.0,Other
1238,Subscriber,1995.0,Male
1587,Customer,1995.0,Male
3451,Subscriber,1996.0,Male
1540,Customer,1987.0,Male
713,Subscriber,1985.0,Female
3020,Subscriber,1975.0,Male
2729,Subscriber,1971.0,Male
322,Customer,1993.0,Female
55,Subscriber,1997.0,Female
2629,Subscriber,1998.0,Male
838,Subscriber,1985.0,Male
3238,Subscriber,1968.0,Male
1498,Customer,,
2786,Subscriber,1995.0,Female
2736,Subscriber,1978.0,Male
2054,Customer,1973.0,Female
3966,Subscriber,1994.0,Male
1228,Subscriber,1982.0,Female
780,Subscriber,1968.0,Male
1152,Subscriber,1988.0,Female
1805,Subscriber,1971.0,Male
2201,Customer,1993.0,Male
458,Customer,1995.0,Male
3510,Subscriber,1968.0,Male
528,Subscriber,1978.0,Male
3363,Customer,1983.0,Male
3087,Customer,1995.0,Male
3117,Subscriber,1987.0,Male
2101,Subscriber,1984.0,Male
1521,Subscriber,1988.0,Female
158,Subscriber,1979.0,Male
1134,Subscriber,1989.0,Male
149,Subscriber,1994.0,Male
3391,Subscriber,1995.0,Female
3403,Customer,1985.0,Male
999,Subscriber,1995.0,Male
1090,Customer,1984.0,Female
3418,Subscriber,1978.0,Male
2374,Subscriber,1992.0,Male
119,Subscriber,1977.0,Female
2449,Subscriber,1986.0,Male
216,Subscriber,1957.0,Male
590,Subscriber,1973.0,Female
2018,Subscriber,1965.0,Male
2422,Subscriber,1966.0,Male
3800,Subscriber,1970.0,Male
3285,Subscriber,1986.0,Male
3237,Subscriber,1956.0,Male
2623,Subscriber,1977.0,Female
390,Subscriber,1996.0,Other
3058,Subscriber,1967.0,Male
1326,Subscriber,1985.0,Male
1107,Subscriber,1989.0,Male
3946,Subscriber,1982.0,Male
3419,Subscriber,1974.0,Female
1124,Subscriber,1986.0,Male
3415,Customer,1986.0,Male
68,Subscriber,1997.0,Male
3115,Subscriber,1980.0,Female
3657,Subscriber,1983.0,Male
1335,Subscriber,1967.0,Male
692,Subscriber,1968.0,Male
2767,Subscriber,1985.0,Female
3618,Subscriber,1981.0,Female
2799,Subscriber,1991.0,Male
3460,Subscriber,1992.0,Female
889,Subscriber,1988.0,Male
364,Subscriber,1969.0,Female
556,Customer,1994.0,Male
411,Subscriber,1983.0,Male
2978,Subscriber,1991.0,Male
3233,Subscriber,1992.0,Male
3088,Subscriber,1966.0,Male
13,Customer,1986.0,Male
526,Subscriber,1998.0,Male
3684,Subscriber,1982.0,Female
1593,Subscriber,1994.0,Male
3709,Subscriber,1980.0,Male
1071,Subscriber,1991.0,Male
3507,Subscriber,1988.0,Male
1528,Subscriber,1985.0,Female
1012,Subscriber,1968.0,Male
2939,Subscriber,1989.0,Male
2971,Subscriber,1984.0,Female
1557,Subscriber,1980.0,Female
1946,Subscriber,1976.0,Male
2520,Subscriber,1981.0,Male
3031,Subscriber,1988.0,Male
1396,Subscriber,1977.0,Male
2549,Subscriber,1982.0,Male
2357,Subscriber,1978.0,Male
1843,Customer,1985.0,Female
603,Customer,1995.0,Female
3134,Customer,1981.0,Male
1763,Subscriber,1987.0,Male
3505,Subscriber,1983.0,Male
1339,Subscriber,1975.0,Male
3248,Subscriber,1988.0,Male
3259,Customer,1959.0,Male
852,Subscriber,1978.0,Male
1917,Subscriber,1981.0,Male
1247,Subscriber,,
751,Subscriber,1983.0,Male
3347,Subscriber,,
703,Subscriber,1955.0,Male
3629,Subscriber,1971.0,Male
2673,Customer,1971.0,Male
3089,Subscriber,1981.0,Female
1581,Subscriber,1996.0,Male
3747,Subscriber,1988.0,Male
3733,Subscriber,1987.0,Male
2351,Subscriber,1965.0,Male
3490,Customer,1986.0,Female
1319,Subscriber,1954.0,Male
3177,Customer,1969.0,Male
1916,Subscriber,1971.0,Male
1161,Subscriber,1982.0,Male
288,Subscriber,1985.0,Male
2957,Subscriber,1996.0,Male
2951,Subscriber,1985.0,Male
3343,Subscriber,1987.0,Male
899,Subscriber,1991.0,Male
3697,Subscriber,1978.0,Male
12,Customer,,
2129,Subscriber,1975.0,Male
1081,Customer,,
1975,Subscriber,1992.0,Male
3258,Subscriber,1992.0,Male
499,Subscriber,1988.0,Male
856,Subscriber,1997.0,Female
2139,Subscriber,1996.0,Male
1203,Customer,1997.0,Female
2474,Subscriber,1989.0,Female
2123,Subscriber,1987.0,Male
1909,Subscriber,1971.0,Male
3746,Customer,1992.0,Male
2559,Subscriber,1989.0,Male
1756,Subscriber,1980.0,Male
830,Subscriber,1964.0,Female
3388,Subscriber,1992.0,Male
1061,Customer,,
84,Subscriber,2000.0,Male
2518,Subscriber,1996.0,Female
1602,Subscriber,1962.0,Female
802,Subscriber,1965.0,Male
3333,Subscriber,1970.0,Male
1824,Subscriber,1992.0,Male
3466,Subscriber,1979.0,Male
2910,Customer,1988.0,Female
1596,Subscriber,1979.0,Male
140,Subscriber,1988.0,Male
1589,Subscriber,1984.0,Male
3549,Subscriber,1990.0,Female
977,Subscriber,1975.0,Female
2119,Subscriber,1988.0,Male
2492,Subscriber,1992.0,Male
422,Subscriber,1991.0,Male
3989,Subscriber,1993.0,Male
2940,Subscriber,1990.0,Male
391,Subscriber,1957.0,Female
578,Subscriber,1967.0,Male
2868,Subscriber,1966.0,Male
1141,Subscriber,1982.0,Other
1720,Subscriber,1980.0,Male
2595,Subscriber,1995.0,Male
1423,Subscriber,1990.0,Female
1204,Customer,1967.0,Female
147,Subscriber,1996.0,Female
2467,Subscriber,1973.0,Male
182,Customer,1984.0,Male
1364,Subscriber,1994.0,Female
3804,Subscriber,1977.0,Male
3220,Customer,1993.0,Male
4044,Subscriber,1994.0,Male
488,Subscriber,1965.0,Male
3794,Subscriber,1957.0,Male
3339,Customer,,
769,Subscriber,1970.0,Male
2614,Subscriber,1972.0,Female
3358,Customer,1977.0,Male
1572,Subscriber,1976.0,Male
2125,Subscriber,1983.0,Male
1440,Customer,1987.0,Male
2236,Subscriber,1985.0,Female
1340,Customer,1996.0,Male
765,Subscriber,1983.0,Male
573,Subscriber,1987.0,Male
3544,Subscriber,1992.0,Other
815,Subscriber,1985.0,Male
1383,Subscriber,1971.0,Male
964,Subscriber,1969.0,Male
4217,Customer,1982.0,Male
1966,Subscriber,1981.0,Male
1494,Subscriber,1949.0,Male
1287,Subscriber,1989.0,Male
3430,Subscriber,1988.0,Female
4002,Subscriber,1996.0,Female
3568,Subscriber,1973.0,Female
696,Subscriber,1987.0,Male
166,Subscriber,1990.0,Male
2903,Subscriber,1993.0,Male
70,Subscriber,1963.0,Male
1099,Subscriber,1991.0,Male
798,Subscriber,1989.0,Male
1612,Customer,1973.0,Male
867,Subscriber,1990.0,Male
2987,Subscriber,1997.0,Female
2637,Subscriber,1985.0,Male
3232,Subscriber,1982.0,Female
45,Subscriber,1995.0,Male
1200,Subscriber,1996.0,Male
378,Subscriber,1987.0,Male
2917,Customer,1987.0,Male
1914,Subscriber,,
157,Subscriber,1992.0,Male
3442,Customer,,
3114,Subscriber,1989.0,Male
425,Customer,1987.0,Female
2545,Customer,1992.0,Female
1718,Customer,1985.0,Male
2263,Subscriber,1965.0,Female
3728,Subscriber,1982.0,Male
2890,Customer,,
3802,Subscriber,1957.0,Male
1110,Subscriber,1963.0,Male
2289,Subscriber,1967.0,Male
1392,Customer,1981.0,Male
3438,Subscriber,1993.0,Female
1276,Subscriber,1996.0,Male
335,Subscriber,1992.0,Male
3150,Subscriber,1973.0,Female
1576,Subscriber,1981.0,Female
1676,Subscriber,1994.0,Male
2513,Customer,,
174,Customer,,
2501,Customer,,
3131,Subscriber,1973.0,Male
2171,Customer,,
2739,Subscriber,1967.0,Male
895,Subscriber,1992.0,Female
1343,Subscriber,1957.0,Male
976,Subscriber,1952.0,Male
3235,Subscriber,1973.0,Male
175,Subscriber,1967.0,Male
2245,Subscriber,1974.0,Male
4066,Subscriber,1977.0,Male
1564,Subscriber,1987.0,Female
3144,Subscriber,1997.0,Male
2066,Subscriber,1985.0,Female
2477,Subscriber,1997.0,Male
2063,Subscriber,1982.0,Male
990,Subscriber,1974.0,Male
698,Subscriber,1990.0,Male
3084,Subscriber,1991.0,Male
2269,Subscriber,1981.0,Male
2481,Subscriber,1995.0,Male
1585,Subscriber,1971.0,Male
2592,Subscriber,1989.0,Male
2869,Subscriber,1981.0,Other
4028,Subscriber,1994.0,Male
1968,Subscriber,1982.0,Male
3545,Subscriber,1993.0,Male
1193,Subscriber,1994.0,Male
1827,Subscriber,1995.0,Male
638,Subscriber,1981.0,Male
3112,Subscriber,1979.0,Male
1902,Subscriber,1988.0,Male
2086,Subscriber,1985.0,Male
2400,Subscriber,,
372,Subscriber,1957.0,Male
3406,Customer,1988.0,Male
1450,Subscriber,1986.0,Male
3524,Subscriber,1989.0,Female
2544,Subscriber,1988.0,Female
1534,Subscriber,1955.0,Male
522,Subscriber,1981.0,Male
2783,Subscriber,1991.0,Male
2069,Subscriber,1972.0,Male
905,Subscriber,1990.0,Female
1176,Subscriber,1996.0,Other
3414,Customer,1974.0,Female
210,Subscriber,1994.0,Male
314,Customer,1986.0,Male
2540,Subscriber,1995.0,Male
3467,Subscriber,1967.0,Male
874,Subscriber,1998.0,Male
1989,Customer,1985.0,Male
799,Subscriber,1979.0,Male
3307,Customer,1992.0,Male
2403,Subscriber,1993.0,Female
401,Subscriber,2000.0,Male
2855,Subscriber,1984.0,Other
1734,Subscriber,1957.0,Male
647,Subscriber,1975.0,Male
3642,Subscriber,1994.0,Female
1643,Subscriber,1950.0,Male
1174,Subscriber,1995.0,Female
3482,Subscriber,1981.0,Male
2369,Subscriber,1992.0,Male
1560,Customer,1995.0,Male
952,Subscriber,1982.0,Male
3471,Customer,1971.0,Male
1142,Subscriber,1994.0,Male
3696,Subscriber,1976.0,Female
2132,Subscriber,1975.0,Male
1773,Subscriber,1985.0,Male
1653,Subscriber,1981.0,Female
2955,Subscriber,1992.0,Male
1930,Customer,1988.0,Male
1956,Subscriber,1960.0,Male
2226,Subscriber,1968.0,Male
2489,Subscriber,1990.0,Male
3181,Subscriber,1996.0,Male
1108,Subscriber,1991.0,Male
3537,Customer,1985.0,Male
779,Customer,1994.0,Male
1284,Customer,1966.0,Female
2755,Subscriber,1988.0,Male
673,Subscriber,1987.0,Male
495,Subscriber,1960.0,Male
3255,Subscriber,1975.0,Male
451,Subscriber,1985.0,Male
529,Subscriber,1994.0,Male
1644,Subscriber,1996.0,Male
1865,Subscriber,1984.0,Female
2387,Subscriber,1989.0,Male
3520,Customer,,
2157,Subscriber,1994.0,Male
2839,Subscriber,,
3489,Customer,1995.0,Female
404,Subscriber,1996.0,Female
1854,Subscriber,1995.0,Female
951,Subscriber,1996.0,Male
3689,Subscriber,1990.0,Male
816,Subscriber,1982.0,Female
2013,Subscriber,1995.0,Male
3609,Subscriber,1968.0,Male
997,Subscriber,1965.0,Female
1459,Subscriber,1983.0,Male
185,Subscriber,1990.0,Female
3152,Subscriber,,
1316,Customer,1989.0,Male
3730,Subscriber,1989.0,Female
1404,Subscriber,1985.0,Female
419,Customer,1980.0,Male
1851,Subscriber,1994.0,Female
207,Subscriber,1982.0,Female
739,Subscriber,1988.0,Male
262,Subscriber,1995.0,Male
192,Customer,1993.0,Male
1772,Subscriber,1995.0,Male
752,Subscriber,1987.0,Female
3748,Subscriber,1984.0,Female
2769,Subscriber,1987.0,Male
1969,Subscriber,1995.0,Male
449,Customer,1980.0,Male
1201,Subscriber,1999.0,Male
2134,Subscriber,1993.0,Male
2284,Subscriber,1998.0,Male
3462,Customer,,
2657,Customer,,
832,Customer,1991.0,Male
3678,Customer,1998.0,Male
2310,Customer,1998.0,Male
1144,Customer,1971.0,Female
890,Subscriber,1986.0,Male
2314,Customer,,
3476,Subscriber,1953.0,Male
835,Subscriber,1997.0,Male
453,Customer,1998.0,Male
3853,Subscriber,1984.0,Male
981,Customer,1993.0,Female
2442,Subscriber,1988.0,Male
1351,Customer,,
4048,Subscriber,1989.0,Male
1170,Subscriber,1988.0,Male
285,Subscriber,,
124,Subscriber,1986.0,Female
1132,Subscriber,1990.0,Male
3534,Customer,1981.0,Male
343,Subscriber,1994.0,Male
3303,Subscriber,1990.0,Male
3706,Subscriber,1981.0,Male
1306,Subscriber,1973.0,Male
2440,Subscriber,1990.0,Female
1346,Subscriber,1992.0,Male
762,Subscriber,1983.0,Male
3119,Subscriber,1999.0,Male
3650,Subscriber,1981.0,Male
1545,Customer,1991.0,Male
2137,Customer,1991.0,Female
3459,Subscriber,1994.0,Female
128,Subscriber,1994.0,Male
1886,Subscriber,1972.0,Male
2986,Subscriber,1977.0,Female
3067,Subscriber,1959.0,Male
1122,Customer,1969.0,Male
2454,Subscriber,1970.0,Other
1869,Subscriber,1998.0,Male
764,Subscriber,1982.0,Male
650,Subscriber,1982.0,Male
1472,Subscriber,1995.0,Other
3493,Subscriber,1980.0,Male
2233,Subscriber,1991.0,Male
2672,Subscriber,1987.0,Male
2281,Subscriber,1983.0,Female
2726,Subscriber,1976.0,Male
452,Subscriber,1984.0,Male
3128,Subscriber,1985.0,Female
1011,Subscriber,1993.0,Male
1895,Subscriber,1986.0,Male
1841,Subscriber,1986.0,Female
3432,Subscriber,1994.0,Male
48,Subscriber,1987.0,Male
1215,Customer,1987.0,Female
868,Customer,1990.0,Female
118,Subscriber,1989.0,Male
3357,Subscriber,1988.0,Male
2502,Subscriber,1989.0,Female
3744,Subscriber,1984.0,Male
64,Subscriber,1992.0,Male
1265,Subscriber,1992.0,Female
266,Subscriber,1989.0,Female
1833,Subscriber,1972.0,Male
2557,Subscriber,1992.0,Female
1022,Subscriber,1985.0,Female
108,Subscriber,1991.0,Female
3301,Subscriber,1961.0,Male
1297,Subscriber,1985.0,Male
1677,Subscriber,1994.0,Female
2038,Subscriber,1998.0,Male
534,Subscriber,1994.0,Male
2040,Customer,,
1634,Subscriber,1983.0,Female
1992,Subscriber,1981.0,Male
2299,Subscriber,1981.0,Female
1405,Subscriber,1986.0,Male
2873,Subscriber,1980.0,Male
2412,Subscriber,1965.0,Male
2200,Customer,1993.0,Female
1597,Subscriber,1993.0,Male
3670,Subscriber,1981.0,Male
841,Subscriber,1988.0,Female
1952,Subscriber,,
1606,Subscriber,1989.0,Male
2198,Subscriber,1982.0,Male
1877,Subscriber,1993.0,Female
1844,Subscriber,1989.0,Female
2526,Subscriber,1967.0,Male
341,Subscriber,1992.0,Female
2208,Subscriber,1989.0,Male
1906,Subscriber,1985.0,Female
748,Subscriber,1967.0,Male
2598,Subscriber,1986.0,Male
1184,Customer,1984.0,Male
2161,Subscriber,1995.0,Male
3441,Subscriber,1990.0,Male
281,Subscriber,1965.0,Female
716,Subscriber,1994.0,Male
737,Subscriber,1994.0,Female
2947,Subscriber,1983.0,Male
3311,Subscriber,1990.0,Male
273,Subscriber,1992.0,Female
1522,Customer,1982.0,Male
3637,Customer,1999.0,Female
1320,Customer,,
1575,Subscriber,1993.0,Male
1301,Subscriber,1976.0,Male
1615,Subscriber,1989.0,Male
1304,Subscriber,1980.0,Male
1378,Subscriber,1996.0,Male
542,Subscriber,1991.0,Male
1871,Subscriber,1992.0,Male
982,Subscriber,1989.0,Male
1552,Subscriber,1989.0,Male
1569,Subscriber,1980.0,Male
3107,Subscriber,1960.0,Male
1163,Subscriber,1975.0,Male
1168,Subscriber,1954.0,Male
2230,Subscriber,1987.0,Male
2352,Subscriber,1985.0,Male
1281,Subscriber,1985.0,Male
3631,Subscriber,1982.0,Male
2589,Subscriber,1989.0,Male
414,Subscriber,1987.0,Male
309,Subscriber,1981.0,Male
3633,Subscriber,1986.0,Male
1227,Subscriber,1986.0,Male
366,Subscriber,1971.0,Female
2816,Subscriber,1995.0,Male
3340,Subscriber,1967.0,Male
927,Subscriber,1989.0,Female
2147,Subscriber,1987.0,Female
4034,Subscriber,1995.0,Male
3243,Subscriber,1994.0,Male
153,Subscriber,1985.0,Female
1949,Subscriber,1983.0,Male
3160,Subscriber,1982.0,Male
1832,Customer,1991.0,Male
1048,Subscriber,1976.0,Female
144,Subscriber,1997.0,Female
3379,Subscriber,1984.0,Male
1245,Subscriber,1993.0,Male
148,Subscriber,1962.0,Male
900,Subscriber,1988.0,Male
1588,Subscriber,1991.0,Female
2482,Customer,1994.0,Male
2922,Subscriber,1989.0,Female
3133,Subscriber,1988.0,Female
1482,Subscriber,1994.0,Female
1947,Subscriber,1984.0,Female
1428,Subscriber,1988.0,Female
2001,Subscriber,1998.0,Male
3596,Subscriber,1979.0,Male
479,Subscriber,1989.0,Female
228,Subscriber,,
460,Subscriber,1989.0,Female
2887,Subscriber,1986.0,Male
3719,Subscriber,1987.0,Female
2833,Subscriber,1996.0,Male
2224,Subscriber,1979.0,Female
2899,Subscriber,1981.0,Male
241,Subscriber,1996.0,Male
3597,Customer,1963.0,Male
3582,Subscriber,1967.0,Male
3525,Subscriber,1996.0,Female
1791,Subscriber,1991.0,Female
2186,Subscriber,1974.0,Male
384,Subscriber,1979.0,Male
1520,Customer,1974.0,Female
2427,Subscriber,1987.0,Male
3251,Subscriber,1985.0,Male
2638,Subscriber,1988.0,Male
3286,Subscriber,1988.0,Male
661,Subscriber,1977.0,Male
3290,Subscriber,1991.0,Male
282,Subscriber,1986.0,Male
370,Subscriber,1987.0,Male
2375,Subscriber,1991.0,Female
3353,Subscriber,1985.0,Female
3444,Subscriber,1989.0,Female
1135,Subscriber,1989.0,Other
2292,Subscriber,1981.0,Female
1211,Subscriber,1995.0,Male
3522,Subscriber,1988.0,Male
2980,Subscriber,1996.0,Female
1870,Subscriber,1985.0,Female
1337,Subscriber,1990.0,Male
576,Subscriber,1982.0,Male
1967,Subscriber,1984.0,Male
177,Subscriber,1989.0,Female
3583,Subscriber,1998.0,Female
7196,Subscriber,1976.0,Male
2464,Subscriber,1988.0,Male
1697,Subscriber,1990.0,Female
831,Subscriber,1989.0,Female
2539,Subscriber,1991.0,Male
3693,Subscriber,1964.0,Male
2130,Subscriber,1992.0,Female
2107,Subscriber,1995.0,Male
2775,Subscriber,1957.0,Male
1881,Subscriber,1997.0,Female
3274,Subscriber,1996.0,Female
2885,Subscriber,1981.0,Male
2048,Subscriber,1992.0,Male
2913,Subscriber,1935.0,Male
708,Subscriber,1985.0,Male
675,Customer,1989.0,Male
877,Subscriber,1973.0,Male
2521,Subscriber,1986.0,Male
199,Subscriber,1984.0,Male
1266,Subscriber,1997.0,Female
2665,Subscriber,1990.0,Female
1630,Subscriber,1986.0,Male
3485,Subscriber,1961.0,Male
2705,Customer,,
224,Subscriber,1989.0,Male
3266,Subscriber,1990.0,Male
1890,Subscriber,1988.0,Male
2905,Subscriber,1969.0,Male
3032,Subscriber,1989.0,Male
1086,Subscriber,1979.0,Male
2791,Subscriber,1971.0,Male
234,Subscriber,1995.0,Male
265,Customer,1989.0,Male
1708,Subscriber,1980.0,Female
3211,Subscriber,1956.0,Male
1156,Subscriber,1995.0,Male
2118,Subscriber,1976.0,Male
2948,Subscriber,1993.0,Male
3400,Subscriber,1985.0,Male
3296,Customer,1994.0,Male
161,Subscriber,1983.0,Female
346,Subscriber,1980.0,Male
676,Subscriber,1989.0,Male
1912,Subscriber,1989.0,Male
463,Customer,,
339,Subscriber,1993.0,Male
2316,Subscriber,1980.0,Female
110,Subscriber,1986.0,Male
3513,Subscriber,1986.0,Male
2452,Subscriber,1985.0,Female
2025,Subscriber,1991.0,Male
3179,Subscriber,1987.0,Male
3079,Subscriber,1974.0,Male
2039,Subscriber,1983.0,Male
327,Subscriber,1987.0,Male
476,Subscriber,1996.0,Female
3100,Subscriber,1989.0,Female
3096,Subscriber,1991.0,Male
544,Subscriber,1988.0,Female
1547,Subscriber,1975.0,Male
1261,Customer,1995.0,Male
1023,Customer,1985.0,Male
2985,Subscriber,1982.0,Female
2367,Subscriber,1998.0,Male
992,Subscriber,1989.0,Male
1018,Customer,1986.0,Male
325,Subscriber,1993.0,Male
521,Subscriber,1989.0,Male
3625,Subscriber,1996.0,Male
858,Subscriber,1996.0,Male
18,Customer,,
2250,Subscriber,1985.0,Male
1229,Subscriber,1989.0,Other
1605,Customer,1998.0,Female
902,Subscriber,1963.0,Female
3540,Subscriber,1974.0,Male
732,Subscriber,1971.0,Male
1376,Subscriber,1992.0,Male
1687,Subscriber,1995.0,Male
3361,Subscriber,1963.0,Male
2111,Subscriber,1994.0,Male
3619,Subscriber,1987.0,Male
289,Subscriber,1977.0,Female
477,Customer,1994.0,Male
2804,Subscriber,1988.0,Male
373,Subscriber,1996.0,Male
2613,Subscriber,1973.0,Male
3481,Subscriber,1994.0,Male
936,Subscriber,1977.0,Male
1699,Subscriber,1992.0,Female
898,Subscriber,1990.0,Male
2954,Subscriber,1962.0,Female
3122,Customer,,
2717,Subscriber,1983.0,Male
819,Subscriber,1993.0,Male
1054,Subscriber,1997.0,Female
3367,Subscriber,2000.0,Male
3564,Subscriber,1977.0,Male
2331,Subscriber,1976.0,Male
939,Customer,1990.0,Male
1057,Subscriber,1994.0,Male
2780,Subscriber,1965.0,Male
1166,Subscriber,1990.0,Male
139,Subscriber,1995.0,Male
3948,Subscriber,1961.0,Male
2046,Subscriber,1998.0,Male
1119,Subscriber,1994.0,Female
3548,Subscriber,1983.0,Male
1577,Subscriber,1979.0,Male
2531,Subscriber,1980.0,Female
461,Subscriber,1986.0,Female
3376,Subscriber,1994.0,Male
393,Subscriber,1985.0,Male
3421,Subscriber,1996.0,Female
2050,Subscriber,1994.0,Female
1160,Subscriber,1985.0,Male
2774,Subscriber,1995.0,Male
1784,Subscriber,1992.0,Male
1275,Customer,1988.0,Male
1252,Subscriber,1977.0,Male
2965,Subscriber,1964.0,Male
1441,Subscriber,1971.0,Female
3885,Subscriber,1991.0,Male
3188,Subscriber,1954.0,Male
3799,Subscriber,1977.0,Male
910,Subscriber,1986.0,Female
3829,Subscriber,1977.0,Male
2996,Subscriber,1998.0,Male
2918,Subscriber,1995.0,Male
1125,Subscriber,1993.0,Male
240,Customer,1987.0,Female
3422,Subscriber,1994.0,Female
1550,Customer,1969.0,Male
3094,Subscriber,1986.0,Male
426,Subscriber,1975.0,Male
1464,Subscriber,1997.0,Male
506,Customer,1993.0,Female
2840,Subscriber,1992.0,Male
970,Subscriber,1992.0,Male
3244,Subscriber,1988.0,Female
2456,Customer,1994.0,Female
3168,Subscriber,1993.0,Male
3608,Subscriber,1977.0,Female
2237,Subscriber,1988.0,Female
1357,Customer,1987.0,Male
470,Subscriber,1993.0,Female
131,Subscriber,1993.0,Male
2032,Subscriber,1992.0,Male
2993,Subscriber,1983.0,Male
2472,Subscriber,1985.0,Male
2092,Customer,,
4011,Subscriber,1992.0,Male
1030,Customer,,
376,Customer,,
2745,Subscriber,1974.0,Male
884,Subscriber,1993.0,Female
2142,Subscriber,1984.0,Male
1371,Subscriber,1995.0,Male
1707,Subscriber,1983.0,Male
2902,Subscriber,1992.0,Male
3158,Subscriber,1980.0,Male
3069,Subscriber,1988.0,Female
3616,Subscriber,1998.0,Male
988,Subscriber,1985.0,Male
1354,Subscriber,1988.0,Male
2733,Subscriber,1985.0,Male
3037,Subscriber,1997.0,Female
1490,Subscriber,1988.0,Male
455,Customer,1989.0,Male
1651,Subscriber,1995.0,Male
3260,Subscriber,1990.0,Male
2561,Subscriber,1990.0,Male
30,Subscriber,1972.0,Female
3124,Subscriber,1985.0,Male
3004,Subscriber,1974.0,Male
3349,Subscriber,1994.0,Female
693,Customer,1996.0,Male
3789,Subscriber,1977.0,Male
438,Subscriber,1981.0,Female
3565,Subscriber,1988.0,Male
3029,Subscriber,1992.0,Male
3219,Subscriber,1989.0,Female
3287,Customer,1991.0,Female
1073,Subscriber,1993.0,Female
2344,Subscriber,1973.0,Male
608,Customer,1986.0,Male
2496,Customer,1987.0,Other
3756,Subscriber,1989.0,Female
2861,Subscriber,1982.0,Male
3033,Subscriber,1990.0,Male
555,Customer,1991.0,Male
3404,Subscriber,1900.0,Male
3416,Subscriber,1964.0,Male
2141,Subscriber,1989.0,Male
3702,Customer,1989.0,Male
1434,Subscriber,1986.0,Male
2486,Subscriber,1986.0,Female
833,Customer,1982.0,Male
2907,Customer,1973.0,Male
1466,Subscriber,1991.0,Male
4027,Subscriber,1990.0,Male
345,Subscriber,1980.0,Other
2666,Subscriber,1983.0,Male
1207,Subscriber,1950.0,Male
1974,Customer,,
2524,Subscriber,1993.0,Female
1722,Customer,1995.0,Female
3634,Subscriber,1991.0,Male
4010,Subscriber,1977.0,Male
427,Subscriber,1987.0,Male
2499,Subscriber,1977.0,Male
3103,Subscriber,1994.0,Male
574,Subscriber,1972.0,Female
3354,Subscriber,1989.0,Male
3538,Subscriber,1988.0,Male
2981,Subscriber,1965.0,Male
2082,Subscriber,1988.0,Male
2881,Customer,1970.0,Male
2266,Subscriber,1986.0,Male
1696,Customer,1987.0,Female
76,Subscriber,1971.0,Female
3223,Subscriber,1974.0,Male
3412,Subscriber,1993.0,Male
1116,Customer,1996.0,Female
3556,Subscriber,1965.0,Male
1332,Subscriber,1982.0,Female
2423,Subscriber,1995.0,Male
1727,Subscriber,1969.0,Male
473,Subscriber,1988.0,Female
719,Subscriber,1980.0,Other
3464,Subscriber,1974.0,Female
3371,Subscriber,1992.0,Male
1003,Subscriber,1986.0,Male
99,Subscriber,1986.0,Male
3479,Subscriber,1977.0,Male
940,Subscriber,1987.0,Female
221,Subscriber,1997.0,Female
1078,Subscriber,1997.0,Male
3208,Subscriber,1958.0,Male
1070,Customer,1978.0,Male
1480,Subscriber,1994.0,Male
967,Subscriber,1994.0,Male
3627,Subscriber,1985.0,Male
3262,Subscriber,1972.0,Male
2888,Subscriber,1994.0,Male
535,Customer,,
3036,Customer,1983.0,Male
3547,Customer,1970.0,Male
1885,Subscriber,1973.0,Male
350,Subscriber,1985.0,Female
1277,Subscriber,1994.0,Female
3242,Subscriber,1970.0,Male
3601,Customer,1992.0,Female
3408,Subscriber,1995.0,Male
2990,Subscriber,1992.0,Male
1591,Subscriber,1991.0,Female
843,Customer,1993.0,Female
2528,Subscriber,1997.0,Male
3711,Customer,1994.0,Male
1474,Subscriber,1999.0,Female
2975,Subscriber,1980.0,Male
1312,Customer,1969.0,Male
883,Subscriber,1986.0,Male
154,Subscriber,1995.0,Male
272,Subscriber,1987.0,Male
1237,Subscriber,1981.0,Male
1611,Customer,1995.0,Female
2634,Subscriber,1974.0,Female
2781,Customer,1982.0,Male
3514,Subscriber,1984.0,Male
866,Subscriber,1988.0,Male
2349,Customer,,
1338,Customer,,
3815,Customer,1983.0,Female
4062,Customer,1983.0,Female
3985,Subscriber,1974.0,Male
2750,Subscriber,1977.0,Male
2667,Subscriber,1993.0,Female
2594,Subscriber,1995.0,Male
2927,Customer,1996.0,Male
744,Customer,1993.0,Male
43,Customer,1998.0,Female
3639,Subscriber,1988.0,Female
406,Subscriber,1994.0,Female
3178,Subscriber,1954.0,Male
3321,Subscriber,1984.0,Male
3788,Subscriber,1977.0,Male
3552,Subscriber,1999.0,Male
585,Customer,1991.0,Male
2010,Subscriber,1987.0,Male
923,Subscriber,1994.0,Male
2926,Subscriber,1971.0,Female
2714,Subscriber,1999.0,Male
617,Customer,1960.0,Male
1535,Subscriber,1996.0,Male
3125,Customer,1994.0,Male
2724,Subscriber,1983.0,Male
1979,Subscriber,1957.0,Male
2202,Subscriber,1994.0,Male
2575,Customer,1985.0,Male
3929,Subscriber,1995.0,Male
1816,Subscriber,1995.0,Male
1283,Subscriber,1992.0,Male
546,Subscriber,1996.0,Male
2802,Customer,1997.0,Female
3304,Customer,1988.0,Male
3922,Subscriber,1992.0,Male
3506,Subscriber,1984.0,Male
1257,Subscriber,1989.0,Male
775,Subscriber,1984.0,Male
1433,Customer,1988.0,Male
173,Subscriber,1991.0,Male
3755,Subscriber,1981.0,Female
1333,Customer,,
1470,Subscriber,1998.0,Male
1314,Subscriber,1962.0,Male
2184,Subscriber,1992.0,Male
2205,Subscriber,1990.0,Female
2154,Customer,1977.0,Female
723,Subscriber,1990.0,Male
4228,Subscriber,1988.0,Male
2506,Subscriber,1956.0,Male
2260,Subscriber,1988.0,Female
505,Customer,1989.0,Male
1762,Customer,1998.0,Male
1435,Subscriber,1978.0,Male
1448,Subscriber,1982.0,Female
3101,Subscriber,1995.0,Male
2360,Subscriber,1983.0,Female
2674,Subscriber,1997.0,Female
3725,Subscriber,1978.0,Male
1798,Customer,1999.0,Female
1681,Subscriber,1996.0,Female
926,Subscriber,1991.0,Male
17,Customer,1966.0,Male
2313,Subscriber,1966.0,Male
299,Subscriber,1986.0,Male
2886,Subscriber,1980.0,Male
553,Subscriber,1988.0,Male
24,Subscriber,1992.0,Male
450,Subscriber,1987.0,Male
1439,Subscriber,1970.0,Male
3265,Subscriber,1963.0,Female
2169,Subscriber,1993.0,Male
1771,Subscriber,1993.0,Male
969,Subscriber,1995.0,Male
3378,Subscriber,1993.0,Male
363,Subscriber,1986.0,Male
402,Subscriber,1950.0,Male
3598,Subscriber,1977.0,Female
1145,Subscriber,1991.0,Male
1880,Customer,,
904,Subscriber,1996.0,Female
1443,Subscriber,1976.0,Other
1072,Customer,1989.0,Male
132,Subscriber,1962.0,Male
3576,Subscriber,1995.0,Male
853,Subscriber,1983.0,Male
2906,Subscriber,1994.0,Male
348,Subscriber,1986.0,Male
1399,Subscriber,1990.0,Male
1976,Subscriber,1997.0,Female
3280,Customer,1996.0,Male
349,Subscriber,1982.0,Female
2962,Subscriber,1980.0,Female
1580,Customer,1980.0,Female
1461,Subscriber,1984.0,Male
257,Customer,1974.0,Male
1625,Subscriber,1985.0,Female
362,Subscriber,1986.0,Male
3044,Subscriber,1995.0,Female
3017,Subscriber,1970.0,Male
3653,Subscriber,1978.0,Male
605,Subscriber,1989.0,Male
347,Subscriber,1988.0,Male
310,Subscriber,1999.0,Male
1671,Subscriber,1999.0,Male
1013,Subscriber,1982.0,Female
2703,Subscriber,1993.0,Male
1483,Subscriber,1985.0,Male
26,Customer,1999.0,Female
1468,Subscriber,1982.0,Male
334,Subscriber,1995.0,Male
146,Subscriber,1963.0,Female
517,Subscriber,1985.0,Male
2117,Subscriber,1993.0,Male
1790,Subscriber,1997.0,Male
2591,Subscriber,1979.0,Male
3603,Customer,1980.0,Male
3407,Subscriber,1986.0,Male
2296,Subscriber,1954.0,Male
3647,Subscriber,1995.0,Male
916,Subscriber,1997.0,Male
1400,Customer,1991.0,Female
663,Subscriber,1983.0,Female
3049,Subscriber,1993.0,Female
42,Subscriber,1977.0,Male
1792,Subscriber,1994.0,Female
1429,Subscriber,1989.0,Female
1559,Customer,1995.0,Male
3291,Subscriber,1982.0,Other
626,Subscriber,1964.0,Male
2275,Subscriber,1969.0,Male
2979,Customer,1990.0,Male
3043,Customer,1992.0,Female
194,Customer,1992.0,Female
2366,Subscriber,1989.0,Male
2116,Subscriber,1992.0,Male
496,Subscriber,1991.0,Male
754,Subscriber,1991.0,Female
2722,Customer,1988.0,Female
3271,Customer,1988.0,Female
1113,Customer,1988.0,Male
558,Subscriber,1986.0,Female
808,Subscriber,1990.0,Male
634,Subscriber,1972.0,Male
223,Customer,1985.0,Male
2068,Customer,1982.0,Male
308,Subscriber,1986.0,Male
3528,Subscriber,1982.0,Male
670,Subscriber,1995.0,Female
2065,Subscriber,1988.0,Male
2898,Subscriber,1994.0,Male
3563,Subscriber,1980.0,Female
3273,Customer,1983.0,Other
2163,Subscriber,1988.0,Male
583,Subscriber,1992.0,Male
509,Subscriber,1982.0,Male
596,Subscriber,,
1001,Subscriber,1993.0,Male
3356,Subscriber,1996.0,Female
1411,Subscriber,1988.0,Male
1932,Subscriber,1989.0,Male
3267,Customer,1982.0,Male
292,Subscriber,1986.0,Female
2401,Subscriber,1992.0,Male
3454,Subscriber,1978.0,Female
1395,Subscriber,1991.0,Female
304,Subscriber,1973.0,Female
742,Subscriber,1991.0,Male
825,Subscriber,1985.0,Male
197,Subscriber,1975.0,Male
1002,Subscriber,1988.0,Female
80,Subscriber,1999.0,Male
616,Subscriber,1989.0,Male
2222,Subscriber,1971.0,Male
3539,Customer,1970.0,Female
3098,Subscriber,1988.0,Female
3436,Subscriber,1982.0,Female
59,Subscriber,1988.0,Female
1787,Subscriber,1982.0,Female
2737,Subscriber,1970.0,Male
1558,Subscriber,1992.0,Male
1510,Subscriber,1993.0,Male
4008,Subscriber,1992.0,Male
1226,Customer,1978.0,Male
2011,Customer,1986.0,Male
1501,Subscriber,1998.0,Male
3521,Subscriber,1992.0,Female
989,Subscriber,,
1096,Subscriber,1985.0,Female
1623,Subscriber,1991.0,Male
591,Subscriber,1963.0,Other
3701,Subscriber,1989.0,Female
2970,Subscriber,1980.0,Male
3317,Subscriber,1973.0,Male
3694,Subscriber,1995.0,Male
1578,Subscriber,1991.0,Male
548,Subscriber,1993.0,Male
204,Customer,2000.0,Male
959,Subscriber,1973.0,Male
212,Subscriber,1975.0,Male
2536,Subscriber,1999.0,Female
1328,Subscriber,1989.0,Male
3651,Subscriber,1978.0,Male
3247,Subscriber,1987.0,Male
2823,Subscriber,1965.0,Male
1064,Subscriber,1988.0,Male
986,Subscriber,1989.0,Female
1551,Subscriber,1994.0,Female
1562,Subscriber,1993.0,Female
2656,Subscriber,1998.0,Male
1672,Subscriber,1999.0,Female
2028,Subscriber,1973.0,Male
3209,Customer,1956.0,Male
3463,Subscriber,1993.0,Male
525,Customer,1986.0,Male
77,Subscriber,1957.0,Male
531,Subscriber,1973.0,Male
1848,Subscriber,1947.0,Male
3199,Subscriber,1988.0,Male
2601,Subscriber,1986.0,Male
256,Subscriber,1994.0,Female
1857,Subscriber,1986.0,Male
3027,Subscriber,1958.0,Male
878,Subscriber,1990.0,Male
284,Subscriber,1995.0,Male
1387,Subscriber,1990.0,Male
3224,Subscriber,,
3679,Subscriber,1965.0,Female
1330,Subscriber,1989.0,Female
1162,Subscriber,1991.0,Female
2580,Subscriber,1986.0,Male
871,Subscriber,1985.0,Male
2529,Subscriber,1995.0,Female
229,Subscriber,1985.0,Male
1259,Subscriber,1978.0,Male
2676,Subscriber,1985.0,Male
2112,Subscriber,1957.0,Male
2064,Subscriber,1992.0,Male
1715,Subscriber,1993.0,Male
3626,Subscriber,,
15,Customer,1977.0,Female
551,Subscriber,1989.0,Female
1905,Subscriber,1992.0,Male
3887,Subscriber,1996.0,Male
864,Subscriber,1986.0,Male
2788,Subscriber,1983.0,Male
2447,Subscriber,1995.0,Female
643,Subscriber,1990.0,Male
233,Customer,,
1051,Customer,1999.0,Male
2097,Customer,1992.0,Female
2635,Subscriber,1986.0,Male
2302,Subscriber,1970.0,Male
2381,Subscriber,1984.0,Male
615,Subscriber,1993.0,Male
298,Subscriber,1992.0,Male
625,Customer,1990.0,Female
2034,Subscriber,1964.0,Male
3541,Subscriber,1995.0,Male
3155,Subscriber,1986.0,Male
3105,Customer,1999.0,Male
2258,Subscriber,1997.0,Male
245,Subscriber,1994.0,Male
3001,Subscriber,1989.0,Male
2921,Subscriber,1993.0,Male
2685,Subscriber,1991.0,Male
1684,Subscriber,1986.0,Female
1446,Subscriber,1986.0,Female
278,Customer,1983.0,Female
2728,Subscriber,1994.0,Female
2649,Subscriber,1996.0,Female
369,Subscriber,1965.0,Other
1094,Subscriber,1978.0,Female
2058,Subscriber,1992.0,Male
1529,Subscriber,1989.0,Male
2716,Subscriber,1992.0,Male
2450,Subscriber,1981.0,Male
1508,Subscriber,1994.0,Female
806,Subscriber,1970.0,Male
3508,Subscriber,1991.0,Female
2385,Customer,1991.0,Male
2650,Subscriber,1989.0,Male
1191,Subscriber,1990.0,Male
2682,Subscriber,1991.0,Male
435,Subscriber,1990.0,Male
584,Subscriber,1982.0,Female
2359,Subscriber,1998.0,Male
231,Subscriber,1990.0,Female
2019,Customer,1982.0,Male
829,Subscriber,1979.0,Female
3210,Subscriber,1957.0,Female
2393,Customer,1996.0,Male
1130,Subscriber,1993.0,Male
1815,Subscriber,1988.0,Female
3674,Subscriber,1972.0,Male
2632,Customer,1961.0,Male
2414,Customer,,
2181,Subscriber,1976.0,Male
3623,Subscriber,1985.0,Male
1782,Subscriber,1994.0,Male
1813,Subscriber,1997.0,Female
726,Subscriber,1993.0,Male
2930,Subscriber,1994.0,Male
156,Subscriber,1989.0,Male
2437,Subscriber,1957.0,Male
3298,Subscriber,1959.0,Female
2455,Subscriber,1993.0,Male
27,Customer,,
1034,Subscriber,1990.0,Female
1065,Customer,,
3562,Subscriber,1959.0,Male
3226,Customer,1990.0,Female
3299,Subscriber,1967.0,Male
731,Subscriber,1997.0,Male
2934,Subscriber,1977.0,Male
1131,Subscriber,1967.0,Male
1060,Subscriber,1984.0,Female
1629,Subscriber,1995.0,Male
2353,Subscriber,1980.0,Male
3171,Subscriber,1995.0,Male
1353,Subscriber,1972.0,Male
1187,Subscriber,1978.0,Male
3270,Customer,1991.0,Male
686,Subscriber,1989.0,Male
1359,Subscriber,1990.0,Male
481,Subscriber,1992.0,Male
1614,Customer,1988.0,Male
3394,Subscriber,1993.0,Male
632,Subscriber,1991.0,Male
2721,Subscriber,1982.0,Female
1769,Subscriber,1987.0,Male
1678,Customer,1978.0,Male
3351,Customer,1991.0,Male
436,Subscriber,1990.0,Male
3682,Subscriber,2000.0,Male
863,Subscriber,1987.0,Female
2476,Customer,1997.0,Female
3605,Customer,1997.0,Female
4284,Subscriber,1995.0,Male
3866,Subscriber,1969.0,Male
2754,Subscriber,1995.0,Male
2643,Subscriber,1999.0,Male
2852,Customer,1984.0,Male
270,Subscriber,1999.0,Male
2953,Subscriber,1987.0,Female
2585,Subscriber,1991.0,Male
1717,Subscriber,1990.0,Male
297,Subscriber,1994.0,Male
2658,Subscriber,1993.0,Male
145,Subscriber,1994.0,Male
1691,Subscriber,1994.0,Male
1836,Customer,1998.0,Male
687,Customer,1989.0,Female
3724,Customer,,
1621,Subscriber,1993.0,Male
2512,Subscriber,1966.0,Male
1271,Customer,,
671,Subscriber,1997.0,Female
399,Subscriber,1994.0,Female
1822,Customer,,
1737,Customer,1989.0,Female
772,Customer,1989.0,Female
1993,Customer,1989.0,Female
1486,Customer,1993.0,Male
2956,Subscriber,1997.0,Male
2361,Subscriber,1982.0,Male
1674,Subscriber,2000.0,Male
3166,Subscriber,1994.0,Female
2652,Subscriber,1996.0,Female
2577,Subscriber,2000.0,Male
1874,Subscriber,1971.0,Female
400,Subscriber,1974.0,Male
3252,Customer,,
2608,Customer,,
93,Subscriber,1974.0,Male
2334,Subscriber,1994.0,Male
602,Subscriber,1993.0,Male
3698,Customer,1986.0,Female
2293,Customer,1986.0,Male
1488,Subscriber,1981.0,Male
827,Customer,1995.0,Male
2757,Subscriber,1977.0,Male
2556,Subscriber,1993.0,Male
1167,Subscriber,1993.0,Female
1512,Subscriber,1987.0,Male
191,Subscriber,1984.0,Male
3475,Subscriber,1989.0,Male
2256,Customer,,
3529,Subscriber,1992.0,Male
533,Subscriber,1992.0,Male
331,Customer,,
1908,Subscriber,1995.0,Male
4009,Subscriber,2000.0,Male
2059,Subscriber,1994.0,Male
588,Subscriber,1993.0,Male
2640,Subscriber,1993.0,Male
2159,Subscriber,1966.0,Male
3574,Subscriber,,
2860,Subscriber,1989.0,Male
206,Customer,1996.0,Male
2303,Subscriber,1992.0,Male
2219,Customer,1997.0,Male
1127,Subscriber,1971.0,Male
1006,Subscriber,1991.0,Male
2989,Customer,,
963,Subscriber,1986.0,Female
3206,Subscriber,1962.0,Male
894,Subscriber,1999.0,Male
3593,Subscriber,1972.0,Male
593,Subscriber,1987.0,Male
813,Customer,1991.0,Female
1785,Subscriber,1968.0,Male
598,Customer,1995.0,Female
857,Customer,1988.0,Female
1679,Subscriber,1995.0,Male
213,Customer,1996.0,Male
3742,Customer,,
1230,Subscriber,1996.0,Female
1991,Subscriber,1976.0,Female
581,Subscriber,1994.0,Male
2800,Subscriber,1995.0,Male
3644,Subscriber,1993.0,Male
2443,Customer,2000.0,Female
2686,Subscriber,1996.0,Male
2441,Subscriber,1989.0,Male
2170,Subscriber,1987.0,Female
619,Subscriber,1989.0,Male
2420,Subscriber,1977.0,Male
1077,Subscriber,,
1546,Subscriber,1973.0,Male
840,Subscriber,1993.0,Male
2329,Subscriber,1991.0,Male
786,Subscriber,1992.0,Male
2605,Subscriber,1993.0,Male
2871,Customer,1990.0,Female
3331,Subscriber,1988.0,Male
2699,Subscriber,1993.0,Male
1633,Subscriber,1960.0,Other
2995,Customer,1966.0,Female
1570,Subscriber,1982.0,Male
2343,Subscriber,1985.0,Male
1358,Subscriber,1990.0,Female
3588,Customer,,
269,Subscriber,1986.0,Male
3099,Subscriber,1989.0,Male
2713,Customer,1985.0,Male
276,Subscriber,1988.0,Male
879,Subscriber,1993.0,Male
2503,Subscriber,1986.0,Male
642,Subscriber,1986.0,Male
2272,Subscriber,1994.0,Male
677,Subscriber,1977.0,Male
550,Subscriber,1993.0,Male
1548,Customer,1994.0,Male
1624,Subscriber,1999.0,Female
189,Subscriber,1995.0,Male
324,Subscriber,1994.0,Male
1779,Subscriber,2000.0,Male
3278,Customer,1975.0,Female
73,Subscriber,1995.0,Male
2042,Subscriber,1989.0,Female
2546,Customer,1992.0,Female
180,Customer,1996.0,Male
609,Subscriber,1996.0,Male
1068,Subscriber,1989.0,Male
2949,Subscriber,1977.0,Male
3681,Subscriber,1995.0,Male
3426,Subscriber,1972.0,Male
3063,Subscriber,1987.0,Male
3241,Subscriber,1972.0,Male
3336,Subscriber,1998.0,Male
3810,Subscriber,1990.0,Male
2415,Customer,,
2395,Subscriber,1994.0,Male
3221,Customer,1990.0,Male
2102,Customer,,
1970,Subscriber,1991.0,Male
3234,Customer,1972.0,Male
2155,Subscriber,1995.0,Male
1872,Subscriber,1988.0,Female
2997,Subscriber,1974.0,Female
1800,Subscriber,1970.0,Male
4052,Subscriber,1982.0,Male
2031,Subscriber,1976.0,Female
924,Subscriber,1985.0,Male
1981,Subscriber,1992.0,Female
2892,Subscriber,1993.0,Male
407,Subscriber,1986.0,Female
599,Subscriber,1986.0,Male
332,Subscriber,1964.0,Female
1076,Subscriber,1970.0,Male
629,Customer,1982.0,Male
1126,Subscriber,1988.0,Male
1420,Customer,1988.0,Male
1382,Subscriber,1993.0,Male
652,Subscriber,1991.0,Female
431,Subscriber,1992.0,Male
681,Subscriber,1962.0,Male
4058,Subscriber,1984.0,Male
1053,Subscriber,1994.0,Male
1452,Customer,1986.0,Other
787,Subscriber,1996.0,Male
785,Subscriber,1993.0,Male
2035,Subscriber,1970.0,Female
3488,Subscriber,1981.0,Female
1613,Subscriber,1983.0,Male
3967,Customer,1989.0,Male
1289,Customer,1989.0,Male
2541,Subscriber,1996.0,Female
1379,Customer,1989.0,Female
3439,Subscriber,1995.0,Male
2795,Subscriber,1980.0,Female
2232,Subscriber,1991.0,Male
1317,Customer,,
2370,Subscriber,1993.0,Male
342,Customer,1972.0,Male
1806,Customer,1984.0,Female
2377,Subscriber,1977.0,Male
2136,Subscriber,1990.0,Male
1128,Subscriber,1989.0,Male
3384,Subscriber,1989.0,Male
837,Customer,1970.0,Female
1829,Subscriber,1964.0,Male
3754,Subscriber,1994.0,Male
2994,Subscriber,1988.0,Male
1175,Subscriber,1995.0,Male
3282,Subscriber,1984.0,Female
2712,Customer,1991.0,Male
1837,Subscriber,1957.0,Female
3455,Subscriber,1992.0,Male
3916,Customer,1984.0,Male
2593,Subscriber,1968.0,Male
3458,Subscriber,1987.0,Female
1987,Subscriber,1995.0,Male
1777,Customer,1989.0,Male
667,Customer,1990.0,Female
2446,Customer,1970.0,Male
3324,Subscriber,1994.0,Female
1803,Customer,1989.0,Male
2671,Subscriber,1993.0,Male
1179,Customer,,
381,Subscriber,1975.0,Male
520,Subscriber,1955.0,Male
2436,Subscriber,1995.0,Male
3453,Subscriber,1991.0,Female
955,Subscriber,1994.0,Male
1607,Subscriber,1989.0,Male
267,Subscriber,1993.0,Male
1795,Subscriber,1996.0,Male
2362,Subscriber,1998.0,Male
2633,Subscriber,1992.0,Male
536,Subscriber,1983.0,Male
2241,Subscriber,1960.0,Male
508,Customer,1989.0,Male
651,Customer,1989.0,Male
1896,Subscriber,,
504,Customer,,
1409,Customer,1992.0,Male
1381,Subscriber,1979.0,Female
3691,Customer,1999.0,Male
3806,Subscriber,1988.0,Female
1730,Subscriber,1984.0,Male
2811,Customer,1982.0,Male
1027,Customer,1989.0,Male
398,Subscriber,1993.0,Male
697,Subscriber,1992.0,Male
747,Subscriber,1991.0,Female
1846,Subscriber,1987.0,Male
187,Subscriber,1964.0,Female
2681,Subscriber,1966.0,Male
2908,Subscriber,1988.0,Female
3495,Subscriber,1959.0,Male
3142,Subscriber,1994.0,Male
1568,Customer,,
3239,Subscriber,1986.0,Male
2364,Subscriber,1991.0,Male
1028,Subscriber,1998.0,Male
2900,Subscriber,1986.0,Male
2530,Subscriber,1991.0,Male
3213,Subscriber,1983.0,Male
2992,Subscriber,1989.0,Male
3586,Subscriber,1989.0,Male
1058,Subscriber,1979.0,Female
2661,Subscriber,1991.0,Male
4069,Subscriber,1995.0,Male
3961,Subscriber,1987.0,Male
1539,Customer,1990.0,Male
2515,Subscriber,1993.0,Female
4064,Subscriber,1988.0,Male
1758,Subscriber,1988.0,Male
1190,Subscriber,1982.0,Male
820,Subscriber,1996.0,Male
3136,Subscriber,1961.0,Male
2785,Customer,2000.0,Female
352,Subscriber,1994.0,Male
706,Subscriber,1996.0,Male
3053,Customer,1985.0,Male
2358,Subscriber,1976.0,Female
2835,Subscriber,1995.0,Male
1341,Subscriber,1984.0,Female
2813,Customer,,
4106,Customer,1983.0,Other
3337,Customer,1972.0,Male
2752,Subscriber,1965.0,Male
4040,Subscriber,1994.0,Male
3123,Customer,1992.0,Male
4057,Subscriber,1957.0,Male
3781,Subscriber,1986.0,Female
1943,Customer,1972.0,Male
1538,Subscriber,1997.0,Male
4050,Subscriber,1977.0,Male
3950,Subscriber,1993.0,Male
1367,Subscriber,1996.0,Other
2428,Subscriber,1977.0,Male
1043,Subscriber,1993.0,Male
3930,Subscriber,1996.0,Male
1861,Customer,2000.0,Female
3532,Subscriber,1977.0,Female
4061,Subscriber,1983.0,Female
781,Subscriber,1993.0,Male
875,Subscriber,1980.0,Male
3913,Subscriber,1990.0,Male
1786,Subscriber,1962.0,Male
2853,Subscriber,1997.0,Male
2696,Customer,1989.0,Female
2636,Subscriber,1996.0,Female
4162,Customer,2000.0,Male
4017,Subscriber,1994.0,Male
1455,Subscriber,1998.0,Male
3787,Subscriber,1993.0,Male
4230,Subscriber,1993.0,Male
712,Subscriber,1993.0,Female
3785,Customer,1980.0,Female
190,Subscriber,1980.0,Male
2647,Subscriber,1927.0,Male
3886,Subscriber,1993.0,Female
3045,Subscriber,1933.0,Female
3842,Subscriber,1993.0,Male
1840,Subscriber,1990.0,Male
1617,Subscriber,1973.0,Male
2383,Subscriber,1984.0,Male
2586,Subscriber,1990.0,Male
1311,Subscriber,1997.0,Male
3113,Customer,1994.0,Male
3423,Subscriber,1962.0,Male
1934,Customer,1988.0,Male
1516,Subscriber,1982.0,Male
557,Customer,1988.0,Male
60,Subscriber,1978.0,Male
2631,Subscriber,1996.0,Male
3890,Customer,1988.0,Male
1352,Subscriber,1973.0,Male
3344,Customer,1998.0,Male
3945,Subscriber,1992.0,Male
1774,Subscriber,1984.0,Male
3964,Subscriber,1991.0,Male
1920,Subscriber,1963.0,Male
1733,Subscriber,1990.0,Female
2894,Subscriber,1964.0,Male
302,Subscriber,1989.0,Male
3085,Subscriber,1993.0,Female
