date,max_temperature_f,min_temperature_f,max_visibility_miles,events
08/29/2013,74.0,61.0,10.0,
08/30/2013,78.0,60.0,10.0,
08/31/2013,71.0,57.0,10.0,
09/01/2013,74.0,58.0,10.0,
09/02/2013,75.0,62.0,10.0,
09/03/2013,73.0,60.0,10.0,
09/04/2013,74.0,61.0,10.0,
09/05/2013,72.0,60.0,10.0,
09/06/2013,85.0,56.0,10.0,
09/07/2013,88.0,58.0,10.0,
09/08/2013,74.0,56.0,10.0,
09/09/2013,76.0,55.0,10.0,
09/10/2013,74.0,57.0,10.0,
09/11/2013,74.0,62.0,10.0,
09/12/2013,71.0,59.0,10.0,Fog
09/13/2013,66.0,57.0,10.0,
09/14/2013,66.0,57.0,10.0,
09/15/2013,73.0,58.0,10.0,
09/16/2013,71.0,59.0,10.0,
09/17/2013,68.0,57.0,10.0,
09/18/2013,78.0,54.0,10.0,
09/19/2013,80.0,54.0,10.0,
09/20/2013,73.0,56.0,10.0,
09/21/2013,68.0,58.0,10.0,Rain
09/22/2013,70.0,55.0,10.0,
09/23/2013,78.0,57.0,10.0,
09/24/2013,71.0,58.0,10.0,
09/25/2013,67.0,56.0,10.0,
09/26/2013,71.0,53.0,10.0,
09/27/2013,78.0,54.0,10.0,
09/28/2013,78.0,53.0,10.0,
09/29/2013,75.0,57.0,10.0,
09/30/2013,73.0,59.0,10.0,Fog
10/01/2013,69.0,56.0,10.0,
10/02/2013,69.0,54.0,10.0,
10/03/2013,70.0,54.0,10.0,
10/04/2013,76.0,61.0,10.0,
10/05/2013,80.0,57.0,10.0,
10/06/2013,83.0,56.0,10.0,
10/07/2013,80.0,56.0,10.0,
10/08/2013,72.0,52.0,10.0,
10/09/2013,68.0,52.0,10.0,
10/10/2013,70.0,53.0,10.0,
10/11/2013,63.0,51.0,10.0,
10/12/2013,64.0,47.0,10.0,Fog
10/13/2013,73.0,51.0,10.0,
10/14/2013,77.0,51.0,10.0,
10/15/2013,80.0,53.0,10.0,
10/16/2013,80.0,53.0,10.0,
10/17/2013,81.0,54.0,10.0,
10/18/2013,68.0,51.0,10.0,
10/19/2013,74.0,49.0,10.0,
10/20/2013,64.0,49.0,10.0,Fog
10/21/2013,61.0,48.0,10.0,
10/22/2013,64.0,47.0,10.0,Fog
10/23/2013,61.0,49.0,10.0,Fog
10/24/2013,60.0,53.0,10.0,
10/25/2013,67.0,50.0,10.0,
10/26/2013,70.0,49.0,10.0,Fog
10/27/2013,60.0,50.0,10.0,Rain
10/28/2013,61.0,52.0,10.0,
10/29/2013,63.0,52.0,10.0,
10/30/2013,65.0,48.0,10.0,
10/31/2013,70.0,48.0,10.0,
11/01/2013,74.0,51.0,10.0,
11/02/2013,63.0,50.0,10.0,
11/03/2013,63.0,47.0,10.0,
11/04/2013,67.0,44.0,10.0,
11/05/2013,71.0,50.0,10.0,
11/06/2013,70.0,51.0,10.0,
11/07/2013,71.0,56.0,10.0,
11/08/2013,70.0,50.0,10.0,Fog
11/09/2013,66.0,48.0,10.0,
11/10/2013,64.0,51.0,10.0,
11/11/2013,62.0,54.0,10.0,
11/12/2013,70.0,57.0,10.0,
11/13/2013,68.0,52.0,10.0,Fog
11/14/2013,61.0,51.0,10.0,
11/15/2013,65.0,50.0,10.0,
11/16/2013,62.0,49.0,10.0,
11/17/2013,63.0,49.0,10.0,
11/18/2013,60.0,46.0,10.0,
11/19/2013,61.0,54.0,10.0,Rain
11/20/2013,59.0,51.0,10.0,Rain
11/21/2013,62.0,50.0,10.0,Rain
11/22/2013,69.0,57.0,10.0,
11/23/2013,65.0,50.0,10.0,
11/24/2013,60.0,45.0,10.0,
11/25/2013,61.0,44.0,10.0,
11/26/2013,62.0,47.0,10.0,
11/27/2013,62.0,48.0,10.0,
11/28/2013,66.0,49.0,10.0,
11/29/2013,62.0,46.0,10.0,Fog
11/30/2013,63.0,45.0,10.0,Fog
12/01/2013,67.0,46.0,10.0,
12/02/2013,62.0,46.0,10.0,Fog-Rain
12/03/2013,56.0,46.0,10.0,
12/04/2013,52.0,39.0,10.0,
12/05/2013,51.0,35.0,10.0,
12/06/2013,53.0,37.0,10.0,Rain
12/07/2013,52.0,38.0,10.0,Rain
12/08/2013,47.0,36.0,10.0,
12/09/2013,52.0,36.0,10.0,
12/10/2013,52.0,34.0,10.0,
12/11/2013,57.0,38.0,10.0,
12/12/2013,54.0,38.0,10.0,
12/13/2013,53.0,40.0,10.0,
12/14/2013,61.0,39.0,10.0,
12/15/2013,60.0,40.0,10.0,
12/16/2013,65.0,43.0,10.0,
12/17/2013,59.0,46.0,9.0,
12/18/2013,57.0,44.0,10.0,
12/19/2013,59.0,47.0,10.0,
12/20/2013,60.0,40.0,10.0,
12/21/2013,60.0,47.0,10.0,
12/22/2013,65.0,43.0,10.0,
12/23/2013,60.0,44.0,10.0,
12/24/2013,59.0,45.0,10.0,
12/25/2013,63.0,42.0,10.0,
12/26/2013,62.0,43.0,10.0,
12/27/2013,57.0,43.0,10.0,
12/28/2013,63.0,40.0,10.0,
12/29/2013,68.0,42.0,10.0,
12/30/2013,59.0,42.0,10.0,
12/31/2013,59.0,41.0,10.0,Fog
01/01/2014,56.0,41.0,10.0,
01/02/2014,62.0,43.0,10.0,
01/03/2014,64.0,44.0,10.0,
01/04/2014,66.0,43.0,10.0,Fog
01/05/2014,66.0,44.0,10.0,
01/06/2014,60.0,44.0,10.0,
01/07/2014,61.0,46.0,10.0,Rain
01/08/2014,59.0,52.0,10.0,
01/09/2014,60.0,52.0,10.0,
01/10/2014,60.0,48.0,10.0,
01/11/2014,58.0,46.0,10.0,
01/12/2014,60.0,46.0,10.0,
01/13/2014,67.0,42.0,10.0,
01/14/2014,72.0,44.0,10.0,
01/15/2014,73.0,48.0,10.0,
01/16/2014,73.0,46.0,10.0,
01/17/2014,67.0,45.0,10.0,
01/18/2014,67.0,43.0,10.0,
01/19/2014,67.0,43.0,10.0,
01/20/2014,66.0,43.0,10.0,
01/21/2014,68.0,43.0,10.0,
01/22/2014,65.0,44.0,10.0,
01/23/2014,69.0,44.0,10.0,
01/24/2014,64.0,46.0,10.0,
01/25/2014,65.0,48.0,10.0,
01/26/2014,66.0,48.0,10.0,
01/27/2014,59.0,48.0,10.0,
01/28/2014,65.0,53.0,10.0,
01/29/2014,63.0,54.0,10.0,Rain
01/30/2014,58.0,52.0,10.0,Rain
01/31/2014,60.0,47.0,10.0,
02/01/2014,59.0,42.0,10.0,
02/02/2014,58.0,47.0,10.0,Rain
02/03/2014,56.0,46.0,10.0,
02/04/2014,55.0,44.0,10.0,
02/05/2014,55.0,43.0,10.0,Rain
02/06/2014,52.0,48.0,10.0,Rain
02/07/2014,56.0,51.0,10.0,Rain
02/08/2014,59.0,53.0,10.0,Rain
02/09/2014,59.0,55.0,10.0,Rain
02/10/2014,57.0,51.0,10.0,Rain
02/11/2014,56.0,49.0,10.0,
02/12/2014,56.0,46.0,10.0,Fog
02/13/2014,67.0,50.0,10.0,Fog
02/14/2014,66.0,56.0,10.0,
02/15/2014,62.0,52.0,10.0,Rain
02/16/2014,63.0,50.0,10.0,
02/17/2014,61.0,46.0,10.0,
02/18/2014,62.0,48.0,10.0,
02/19/2014,62.0,51.0,10.0,
02/20/2014,67.0,45.0,10.0,
02/21/2014,69.0,47.0,10.0,
02/22/2014,66.0,46.0,10.0,
02/23/2014,63.0,46.0,10.0,
02/24/2014,71.0,45.0,10.0,
02/25/2014,62.0,48.0,10.0,
02/26/2014,60.0,54.0,10.0,Rain
02/27/2014,62.0,55.0,10.0,Rain
02/28/2014,63.0,55.0,10.0,rain
03/01/2014,69.0,54.0,10.0,Rain
03/02/2014,61.0,53.0,10.0,Rain
03/03/2014,61.0,50.0,10.0,Rain
03/04/2014,66.0,55.0,10.0,Rain
03/05/2014,66.0,54.0,10.0,Rain
03/06/2014,65.0,51.0,10.0,Rain
03/07/2014,66.0,48.0,10.0,
03/08/2014,72.0,46.0,10.0,Fog
03/09/2014,71.0,55.0,10.0,Rain
03/10/2014,68.0,56.0,10.0,Rain
03/11/2014,74.0,47.0,10.0,
03/12/2014,78.0,53.0,10.0,
03/13/2014,73.0,46.0,10.0,
03/14/2014,67.0,53.0,10.0,
03/15/2014,77.0,47.0,10.0,Fog
03/16/2014,72.0,48.0,10.0,Fog
03/17/2014,69.0,49.0,10.0,
03/18/2014,70.0,43.0,10.0,
03/19/2014,73.0,45.0,10.0,
03/20/2014,70.0,50.0,10.0,
03/21/2014,63.0,48.0,10.0,
03/22/2014,65.0,51.0,10.0,
03/23/2014,65.0,48.0,10.0,
03/24/2014,72.0,46.0,10.0,
03/25/2014,63.0,45.0,10.0,Rain
03/26/2014,62.0,53.0,10.0,Rain
03/27/2014,65.0,56.0,10.0,
03/28/2014,69.0,56.0,10.0,Rain
03/29/2014,60.0,53.0,10.0,Rain
03/30/2014,61.0,50.0,10.0,
03/31/2014,57.0,48.0,10.0,Rain
04/01/2014,58.0,46.0,10.0,Rain
04/02/2014,61.0,45.0,10.0,Rain
04/03/2014,62.0,46.0,10.0,
04/04/2014,61.0,50.0,10.0,Rain
04/05/2014,65.0,46.0,10.0,
04/06/2014,72.0,49.0,10.0,
04/07/2014,79.0,51.0,10.0,
04/08/2014,78.0,56.0,10.0,
04/09/2014,66.0,52.0,10.0,
04/10/2014,74.0,51.0,10.0,
04/11/2014,63.0,53.0,10.0,
04/12/2014,64.0,54.0,10.0,
04/13/2014,69.0,53.0,10.0,
04/14/2014,68.0,50.0,10.0,
04/15/2014,66.0,52.0,10.0,
04/16/2014,73.0,50.0,10.0,
04/17/2014,64.0,51.0,10.0,
04/18/2014,64.0,51.0,10.0,
04/19/2014,65.0,52.0,10.0,
04/20/2014,76.0,50.0,10.0,
04/21/2014,67.0,50.0,10.0,
04/22/2014,65.0,52.0,10.0,Rain
04/23/2014,67.0,45.0,10.0,
04/24/2014,66.0,51.0,10.0,Rain
04/25/2014,58.0,52.0,10.0,Rain
04/26/2014,63.0,44.0,10.0,
04/27/2014,64.0,52.0,10.0,Rain
04/28/2014,71.0,47.0,10.0,
04/29/2014,83.0,50.0,10.0,
04/30/2014,89.0,57.0,10.0,
05/01/2014,85.0,57.0,10.0,
05/02/2014,72.0,53.0,10.0,Fog
05/03/2014,67.0,54.0,10.0,
05/04/2014,68.0,57.0,10.0,
05/05/2014,67.0,55.0,10.0,
05/06/2014,69.0,52.0,10.0,
05/07/2014,64.0,51.0,10.0,
05/08/2014,65.0,54.0,10.0,Rain
05/09/2014,69.0,55.0,10.0,
05/10/2014,70.0,51.0,10.0,
05/11/2014,77.0,53.0,10.0,
05/12/2014,82.0,50.0,10.0,
05/13/2014,91.0,56.0,10.0,
05/14/2014,90.0,59.0,10.0,
05/15/2014,83.0,57.0,10.0,
05/16/2014,70.0,55.0,10.0,
05/17/2014,67.0,55.0,10.0,
05/18/2014,70.0,56.0,10.0,
05/19/2014,68.0,56.0,10.0,
05/20/2014,70.0,55.0,10.0,
05/21/2014,70.0,55.0,10.0,
05/22/2014,69.0,54.0,10.0,
05/23/2014,68.0,54.0,10.0,
05/24/2014,67.0,55.0,10.0,
05/25/2014,73.0,56.0,10.0,
05/26/2014,73.0,51.0,10.0,
05/27/2014,68.0,54.0,10.0,
05/28/2014,74.0,49.0,10.0,
05/29/2014,77.0,51.0,10.0,
05/30/2014,64.0,53.0,10.0,
05/31/2014,69.0,53.0,10.0,
06/01/2014,72.0,51.0,10.0,
06/02/2014,67.0,52.0,10.0,
06/03/2014,67.0,52.0,10.0,
06/04/2014,70.0,52.0,10.0,
06/05/2014,67.0,52.0,10.0,
06/06/2014,68.0,53.0,10.0,
06/07/2014,70.0,56.0,10.0,
06/08/2014,86.0,53.0,10.0,
06/09/2014,78.0,58.0,10.0,
06/10/2014,68.0,57.0,10.0,
06/11/2014,70.0,58.0,10.0,
06/12/2014,66.0,55.0,10.0,
06/13/2014,72.0,55.0,10.0,
06/14/2014,80.0,53.0,10.0,
06/15/2014,68.0,54.0,10.0,
06/16/2014,65.0,56.0,10.0,
06/17/2014,73.0,50.0,10.0,
06/18/2014,82.0,53.0,10.0,
06/19/2014,70.0,52.0,10.0,
06/20/2014,74.0,54.0,10.0,
06/21/2014,65.0,53.0,10.0,
06/22/2014,66.0,54.0,10.0,
06/23/2014,70.0,55.0,10.0,
06/24/2014,70.0,54.0,10.0,
06/25/2014,68.0,57.0,10.0,
06/26/2014,70.0,59.0,10.0,Rain
06/27/2014,71.0,57.0,10.0,
06/28/2014,72.0,57.0,10.0,
06/29/2014,80.0,54.0,10.0,
06/30/2014,82.0,57.0,10.0,
07/01/2014,72.0,56.0,10.0,
07/02/2014,70.0,57.0,10.0,
07/03/2014,69.0,54.0,10.0,
07/04/2014,67.0,54.0,10.0,
07/05/2014,72.0,53.0,10.0,
07/06/2014,70.0,53.0,10.0,
07/07/2014,70.0,54.0,10.0,
07/08/2014,68.0,57.0,10.0,
07/09/2014,71.0,57.0,10.0,
07/10/2014,73.0,60.0,10.0,
07/11/2014,72.0,61.0,10.0,
07/12/2014,70.0,58.0,10.0,
07/13/2014,71.0,58.0,10.0,
07/14/2014,76.0,57.0,10.0,
07/15/2014,77.0,59.0,10.0,
07/16/2014,74.0,62.0,10.0,
07/17/2014,73.0,63.0,10.0,
07/18/2014,71.0,63.0,10.0,
07/19/2014,72.0,62.0,10.0,
07/20/2014,73.0,62.0,10.0,
07/21/2014,74.0,63.0,10.0,
07/22/2014,76.0,63.0,10.0,Rain
07/23/2014,76.0,63.0,10.0,
07/24/2014,83.0,62.0,10.0,
07/25/2014,90.0,60.0,10.0,
07/26/2014,77.0,61.0,10.0,
07/27/2014,78.0,61.0,10.0,
07/28/2014,72.0,61.0,10.0,
07/29/2014,76.0,60.0,10.0,
07/30/2014,73.0,59.0,10.0,
07/31/2014,71.0,59.0,10.0,
08/01/2014,72.0,58.0,10.0,
08/02/2014,68.0,60.0,10.0,
08/03/2014,69.0,61.0,10.0,
08/04/2014,73.0,61.0,10.0,
08/05/2014,74.0,62.0,10.0,
08/06/2014,78.0,60.0,10.0,Rain
08/07/2014,69.0,60.0,10.0,
08/08/2014,73.0,58.0,10.0,
08/09/2014,67.0,59.0,10.0,
08/10/2014,73.0,60.0,10.0,
08/11/2014,73.0,61.0,10.0,
08/12/2014,74.0,61.0,10.0,
08/13/2014,75.0,60.0,10.0,
08/14/2014,73.0,59.0,10.0,
08/15/2014,74.0,58.0,10.0,
08/16/2014,73.0,60.0,10.0,
08/17/2014,72.0,58.0,10.0,
08/18/2014,68.0,60.0,10.0,
08/19/2014,74.0,60.0,10.0,Rain
08/20/2014,73.0,62.0,10.0,
08/21/2014,75.0,61.0,10.0,
08/22/2014,75.0,62.0,10.0,
08/23/2014,75.0,60.0,10.0,
08/24/2014,74.0,59.0,10.0,
08/25/2014,72.0,63.0,10.0,
08/26/2014,75.0,62.0,10.0,
08/27/2014,77.0,59.0,10.0,
08/28/2014,75.0,60.0,10.0,
08/29/2014,72.0,61.0,10.0,
08/30/2014,77.0,59.0,10.0,Fog
08/31/2014,76.0,61.0,10.0,
09/01/2014,83.0,57.0,10.0,
09/02/2014,72.0,60.0,10.0,
09/03/2014,76.0,61.0,10.0,
09/04/2014,74.0,61.0,10.0,
09/05/2014,72.0,60.0,10.0,
09/06/2014,72.0,60.0,10.0,
09/07/2014,72.0,60.0,10.0,
09/08/2014,68.0,59.0,10.0,
09/09/2014,72.0,57.0,10.0,
09/10/2014,82.0,54.0,10.0,
09/11/2014,83.0,57.0,10.0,
09/12/2014,77.0,57.0,10.0,
09/13/2014,75.0,59.0,10.0,
09/14/2014,74.0,60.0,10.0,
09/15/2014,77.0,62.0,10.0,
09/16/2014,78.0,58.0,10.0,
09/17/2014,77.0,61.0,10.0,Rain
09/18/2014,78.0,61.0,10.0,Rain
09/19/2014,73.0,59.0,10.0,
09/20/2014,71.0,63.0,10.0,
09/21/2014,69.0,64.0,10.0,
09/22/2014,75.0,63.0,10.0,
09/23/2014,75.0,63.0,10.0,Rain
09/24/2014,77.0,65.0,10.0,Rain
09/25/2014,72.0,58.0,10.0,Rain
09/26/2014,73.0,60.0,10.0,
09/27/2014,71.0,55.0,10.0,
09/28/2014,72.0,61.0,10.0,
09/29/2014,69.0,57.0,10.0,
09/30/2014,73.0,57.0,10.0,
10/01/2014,83.0,53.0,10.0,
10/02/2014,87.0,52.0,10.0,
10/03/2014,89.0,55.0,10.0,
10/04/2014,92.0,55.0,10.0,
10/05/2014,88.0,53.0,10.0,
10/06/2014,83.0,52.0,10.0,Fog
10/07/2014,73.0,51.0,10.0,Fog
10/08/2014,75.0,52.0,10.0,
10/09/2014,66.0,57.0,10.0,
10/10/2014,66.0,56.0,10.0,
10/11/2014,73.0,55.0,10.0,
10/12/2014,86.0,51.0,10.0,
10/13/2014,83.0,50.0,10.0,
10/14/2014,72.0,58.0,10.0,
10/15/2014,71.0,54.0,10.0,Rain
10/16/2014,71.0,51.0,10.0,
10/17/2014,73.0,51.0,10.0,
10/18/2014,75.0,54.0,10.0,
10/19/2014,71.0,55.0,10.0,
10/20/2014,70.0,54.0,10.0,Rain
10/21/2014,70.0,49.0,10.0,
10/22/2014,71.0,49.0,10.0,
10/23/2014,72.0,55.0,10.0,Fog
10/24/2014,71.0,56.0,10.0,
10/25/2014,70.0,60.0,10.0,Rain
10/26/2014,69.0,50.0,10.0,
10/27/2014,67.0,47.0,10.0,
10/28/2014,71.0,48.0,10.0,Fog
10/29/2014,77.0,50.0,10.0,
10/30/2014,71.0,54.0,10.0,
10/31/2014,64.0,57.0,10.0,Rain
11/01/2014,64.0,48.0,10.0,
11/02/2014,66.0,44.0,10.0,
11/03/2014,66.0,44.0,10.0,
11/04/2014,69.0,46.0,10.0,Fog
11/05/2014,72.0,48.0,10.0,
11/06/2014,72.0,50.0,10.0,
11/07/2014,70.0,50.0,10.0,Fog
11/08/2014,72.0,50.0,10.0,Fog
11/09/2014,70.0,48.0,10.0,Fog
11/10/2014,65.0,47.0,10.0,Fog
11/11/2014,66.0,58.0,10.0,
11/12/2014,66.0,56.0,10.0,Rain
11/13/2014,64.0,55.0,10.0,Rain
11/14/2014,65.0,49.0,10.0,Fog
11/15/2014,64.0,46.0,10.0,
11/16/2014,65.0,47.0,10.0,
11/17/2014,67.0,47.0,10.0,
11/18/2014,62.0,46.0,10.0,
11/19/2014,61.0,52.0,10.0,Rain
11/20/2014,59.0,51.0,10.0,Fog-Rain
11/21/2014,61.0,51.0,10.0,
11/22/2014,65.0,53.0,10.0,Rain
11/23/2014,62.0,42.0,10.0,
11/24/2014,62.0,40.0,10.0,
11/25/2014,73.0,41.0,10.0,
11/26/2014,65.0,45.0,10.0,
11/27/2014,65.0,42.0,9.0,Fog
11/28/2014,62.0,42.0,10.0,Fog-Rain
11/29/2014,64.0,54.0,10.0,Rain
11/30/2014,60.0,52.0,10.0,Rain
12/01/2014,66.0,53.0,10.0,Rain
12/02/2014,61.0,54.0,10.0,Rain
12/03/2014,64.0,58.0,10.0,Rain
12/04/2014,65.0,55.0,10.0,Fog-Rain
12/05/2014,67.0,53.0,10.0,Rain
12/06/2014,66.0,57.0,10.0,Fog-Rain
12/07/2014,64.0,52.0,10.0,Fog
12/08/2014,68.0,51.0,10.0,
12/09/2014,65.0,53.0,10.0,Fog
12/10/2014,64.0,54.0,10.0,Fog-Rain
12/11/2014,64.0,50.0,10.0,Rain
12/12/2014,56.0,49.0,10.0,Rain
12/13/2014,57.0,46.0,10.0,
12/14/2014,61.0,47.0,10.0,Rain
12/15/2014,56.0,49.0,10.0,Rain
12/16/2014,61.0,50.0,10.0,Rain
12/17/2014,59.0,49.0,10.0,Rain
12/18/2014,61.0,51.0,10.0,Rain
12/19/2014,57.0,54.0,10.0,Rain
12/20/2014,60.0,54.0,10.0,Rain
12/21/2014,64.0,55.0,10.0,Fog-Rain
12/22/2014,63.0,51.0,10.0,Fog
12/23/2014,65.0,47.0,10.0,Fog
12/24/2014,61.0,48.0,10.0,Fog-Rain
12/25/2014,59.0,45.0,10.0,
12/26/2014,60.0,39.0,10.0,
12/27/2014,55.0,38.0,10.0,
12/28/2014,55.0,39.0,10.0,
12/29/2014,55.0,42.0,10.0,Fog
12/30/2014,55.0,38.0,10.0,
12/31/2014,59.0,36.0,10.0,
01/01/2015,56.0,38.0,10.0,
01/02/2015,50.0,32.0,10.0,
01/03/2015,53.0,32.0,10.0,
01/04/2015,54.0,35.0,10.0,
01/05/2015,56.0,36.0,10.0,
01/06/2015,59.0,38.0,10.0,
01/07/2015,64.0,38.0,10.0,
01/08/2015,61.0,42.0,10.0,
01/09/2015,63.0,46.0,10.0,
01/10/2015,60.0,47.0,10.0,Fog
01/11/2015,57.0,42.0,10.0,Fog
01/12/2015,57.0,41.0,10.0,Fog
01/13/2015,66.0,43.0,10.0,Fog
01/14/2015,59.0,39.0,10.0,
01/15/2015,59.0,40.0,6.0,Fog
01/16/2015,57.0,43.0,8.0,Fog-Rain
01/17/2015,57.0,48.0,10.0,
01/18/2015,65.0,49.0,10.0,Fog
01/19/2015,63.0,47.0,10.0,
01/20/2015,58.0,45.0,10.0,Fog
01/21/2015,61.0,40.0,10.0,
01/22/2015,60.0,41.0,10.0,
01/23/2015,64.0,39.0,10.0,
01/24/2015,69.0,46.0,10.0,
01/25/2015,59.0,40.0,10.0,
01/26/2015,61.0,41.0,10.0,
01/27/2015,67.0,47.0,10.0,
01/28/2015,63.0,43.0,10.0,Fog
01/29/2015,64.0,42.0,10.0,Fog
01/30/2015,62.0,46.0,10.0,Fog
01/31/2015,73.0,44.0,10.0,Fog
02/01/2015,65.0,40.0,10.0,
02/02/2015,65.0,43.0,10.0,
02/03/2015,67.0,47.0,10.0,
02/04/2015,64.0,46.0,10.0,Fog
02/05/2015,63.0,48.0,10.0,
02/06/2015,63.0,58.0,10.0,Rain
02/07/2015,64.0,54.0,10.0,Rain
02/08/2015,63.0,53.0,10.0,Rain
02/09/2015,64.0,49.0,10.0,
02/10/2015,63.0,44.0,10.0,Fog
02/11/2015,64.0,42.0,10.0,
02/12/2015,69.0,47.0,10.0,
02/13/2015,70.0,46.0,10.0,
02/14/2015,71.0,47.0,10.0,
02/15/2015,70.0,45.0,10.0,
02/16/2015,71.0,46.0,10.0,
02/17/2015,58.0,53.0,10.0,
02/18/2015,64.0,50.0,10.0,
02/19/2015,61.0,50.0,10.0,
02/20/2015,65.0,52.0,10.0,
02/21/2015,68.0,46.0,10.0,
02/22/2015,67.0,45.0,10.0,Fog
02/23/2015,64.0,44.0,10.0,
02/24/2015,64.0,36.0,10.0,Fog
02/25/2015,65.0,45.0,10.0,
02/26/2015,67.0,45.0,10.0,
02/27/2015,63.0,48.0,10.0,
02/28/2015,59.0,44.0,10.0,Rain-Thunderstorm
03/01/2015,63.0,44.0,10.0,
03/02/2015,59.0,45.0,10.0,
03/03/2015,64.0,42.0,10.0,
03/04/2015,67.0,41.0,10.0,
03/05/2015,70.0,42.0,10.0,
03/06/2015,71.0,42.0,10.0,
03/07/2015,71.0,45.0,10.0,
03/08/2015,65.0,44.0,10.0,Fog
03/09/2015,65.0,48.0,10.0,
03/10/2015,63.0,48.0,10.0,Fog
03/11/2015,65.0,51.0,10.0,Rain
03/12/2015,73.0,46.0,10.0,
03/13/2015,74.0,48.0,10.0,
03/14/2015,80.0,52.0,10.0,
03/15/2015,69.0,54.0,10.0,
03/16/2015,68.0,53.0,10.0,
03/17/2015,66.0,51.0,10.0,
03/18/2015,68.0,48.0,10.0,
03/19/2015,73.0,47.0,10.0,
03/20/2015,66.0,48.0,10.0,
03/21/2015,71.0,54.0,10.0,
03/22/2015,66.0,54.0,10.0,Rain
03/23/2015,64.0,53.0,10.0,
03/24/2015,65.0,53.0,10.0,
03/25/2015,72.0,48.0,10.0,
03/26/2015,80.0,50.0,10.0,
03/27/2015,64.0,52.0,10.0,Fog
03/28/2015,74.0,48.0,10.0,
03/29/2015,73.0,47.0,10.0,
03/30/2015,65.0,47.0,10.0,
03/31/2015,68.0,55.0,10.0,
04/01/2015,65.0,45.0,10.0,
04/02/2015,69.0,48.0,10.0,
04/03/2015,67.0,44.0,10.0,
04/04/2015,64.0,43.0,10.0,
04/05/2015,58.0,50.0,10.0,Rain
04/06/2015,63.0,44.0,10.0,
04/07/2015,61.0,48.0,10.0,Rain
04/08/2015,63.0,47.0,10.0,Rain
04/09/2015,67.0,43.0,10.0,
04/10/2015,66.0,46.0,10.0,
04/11/2015,72.0,47.0,10.0,
04/12/2015,73.0,48.0,10.0,
04/13/2015,62.0,50.0,10.0,
04/14/2015,65.0,48.0,10.0,
04/15/2015,71.0,47.0,10.0,
04/16/2015,81.0,48.0,10.0,
04/17/2015,72.0,48.0,10.0,
04/18/2015,67.0,49.0,10.0,
04/19/2015,63.0,49.0,10.0,
04/20/2015,63.0,53.0,10.0,
04/21/2015,61.0,53.0,10.0,
04/22/2015,66.0,52.0,10.0,
04/23/2015,64.0,52.0,10.0,
04/24/2015,63.0,52.0,10.0,Rain
04/25/2015,63.0,51.0,10.0,Rain
04/26/2015,69.0,47.0,10.0,
04/27/2015,81.0,50.0,10.0,
04/28/2015,63.0,52.0,10.0,
04/29/2015,66.0,51.0,10.0,
04/30/2015,84.0,49.0,10.0,
05/01/2015,76.0,53.0,10.0,
05/02/2015,65.0,52.0,10.0,
05/03/2015,64.0,52.0,10.0,
05/04/2015,59.0,51.0,10.0,
05/05/2015,62.0,51.0,10.0,
05/06/2015,66.0,50.0,10.0,
05/07/2015,67.0,47.0,10.0,Rain
05/08/2015,65.0,46.0,10.0,
05/09/2015,63.0,52.0,10.0,
05/10/2015,62.0,51.0,10.0,
05/11/2015,62.0,52.0,10.0,
05/12/2015,65.0,51.0,10.0,
05/13/2015,63.0,51.0,10.0,
05/14/2015,66.0,53.0,10.0,Rain
05/15/2015,62.0,52.0,10.0,
05/16/2015,61.0,53.0,10.0,
05/17/2015,64.0,54.0,10.0,
05/18/2015,60.0,54.0,10.0,
05/19/2015,63.0,54.0,10.0,
05/20/2015,68.0,54.0,10.0,Rain
05/21/2015,66.0,54.0,10.0,Rain
05/22/2015,62.0,56.0,10.0,
05/23/2015,62.0,53.0,10.0,
05/24/2015,61.0,52.0,10.0,
05/25/2015,63.0,52.0,10.0,
05/26/2015,65.0,53.0,10.0,Rain
05/27/2015,63.0,53.0,10.0,
05/28/2015,63.0,52.0,10.0,
05/29/2015,62.0,52.0,10.0,
05/30/2015,66.0,51.0,10.0,
05/31/2015,65.0,52.0,10.0,
06/01/2015,73.0,57.0,10.0,Rain
06/02/2015,65.0,56.0,10.0,
06/03/2015,65.0,55.0,10.0,
06/04/2015,70.0,53.0,10.0,
06/05/2015,69.0,53.0,10.0,
06/06/2015,71.0,56.0,10.0,
06/07/2015,73.0,56.0,10.0,
06/08/2015,88.0,56.0,10.0,
06/09/2015,77.0,55.0,10.0,
06/10/2015,70.0,58.0,10.0,Fog-Rain
06/11/2015,73.0,57.0,10.0,
06/12/2015,75.0,54.0,10.0,
06/13/2015,72.0,57.0,10.0,
06/14/2015,67.0,55.0,10.0,
06/15/2015,62.0,54.0,10.0,
06/16/2015,68.0,55.0,10.0,
06/17/2015,69.0,53.0,10.0,
06/18/2015,66.0,52.0,10.0,
06/19/2015,71.0,52.0,10.0,
06/20/2015,69.0,52.0,10.0,
06/21/2015,67.0,56.0,10.0,
06/22/2015,64.0,54.0,10.0,
06/23/2015,70.0,53.0,10.0,
06/24/2015,73.0,55.0,10.0,
06/25/2015,79.0,56.0,10.0,
06/26/2015,73.0,58.0,10.0,
06/27/2015,74.0,58.0,10.0,
06/28/2015,72.0,60.0,10.0,
06/29/2015,73.0,57.0,10.0,
06/30/2015,82.0,57.0,10.0,
07/01/2015,76.0,58.0,10.0,
07/02/2015,74.0,60.0,10.0,
07/03/2015,73.0,60.0,10.0,
07/04/2015,71.0,60.0,10.0,
07/05/2015,75.0,61.0,10.0,
07/06/2015,73.0,61.0,10.0,Rain
07/07/2015,73.0,61.0,10.0,
07/08/2015,69.0,60.0,10.0,
07/09/2015,67.0,59.0,10.0,Rain
07/10/2015,73.0,61.0,10.0,
07/11/2015,74.0,61.0,10.0,
07/12/2015,75.0,63.0,10.0,
07/13/2015,74.0,62.0,10.0,
07/14/2015,70.0,60.0,10.0,
07/15/2015,77.0,58.0,10.0,
07/16/2015,76.0,60.0,10.0,
07/17/2015,74.0,61.0,10.0,
07/18/2015,75.0,60.0,10.0,
07/19/2015,87.0,61.0,10.0,
07/20/2015,79.0,62.0,10.0,
07/21/2015,70.0,60.0,10.0,
07/22/2015,69.0,60.0,10.0,
07/23/2015,69.0,60.0,10.0,
07/24/2015,74.0,59.0,10.0,
07/25/2015,70.0,60.0,10.0,
07/26/2015,71.0,58.0,10.0,
07/27/2015,81.0,56.0,10.0,
07/28/2015,87.0,56.0,10.0,
07/29/2015,79.0,60.0,10.0,
07/30/2015,75.0,61.0,10.0,
07/31/2015,72.0,61.0,10.0,
08/01/2015,75.0,62.0,10.0,
08/02/2015,73.0,63.0,10.0,
08/03/2015,75.0,64.0,10.0,
08/04/2015,75.0,62.0,10.0,
08/05/2015,77.0,57.0,10.0,
08/06/2015,72.0,58.0,10.0,Rain-Thunderstorm
08/07/2015,77.0,61.0,10.0,
08/08/2015,70.0,62.0,10.0,
08/09/2015,72.0,59.0,10.0,
08/10/2015,73.0,60.0,10.0,
08/11/2015,73.0,61.0,10.0,
08/12/2015,78.0,55.0,10.0,
08/13/2015,76.0,64.0,10.0,
08/14/2015,76.0,61.0,10.0,
08/15/2015,92.0,57.0,10.0,
08/16/2015,93.0,61.0,10.0,
08/17/2015,80.0,59.0,9.0,
08/18/2015,75.0,61.0,10.0,
08/19/2015,74.0,63.0,10.0,
08/20/2015,70.0,62.0,10.0,
08/21/2015,69.0,62.0,10.0,
08/22/2015,75.0,61.0,10.0,
08/23/2015,73.0,61.0,10.0,
08/24/2015,75.0,61.0,10.0,
08/25/2015,74.0,60.0,10.0,
08/26/2015,79.0,58.0,10.0,
08/27/2015,84.0,59.0,10.0,
08/28/2015,91.0,62.0,10.0,
08/29/2015,76.0,65.0,10.0,Rain
08/30/2015,78.0,61.0,10.0,
08/31/2015,78.0,60.0,10.0,
